Timestamp;Area_ID;Area_Name;Rainfall_mm;Temperature_C;Wind_Speed_kmph;Elevation_m;Population_Density;Flood_History_Count;Flood_Status
05.04.2023 8:00;1;Almadies;04.May;25.0;12;15;2000;3;No
05.04.2023 9:00;1;Almadies;08.Mar;25.Mar;14;15;2000;3;No
05.04.2023 8:00;2;Parcelles;05.Feb;24.Jul;10;12;3500;5;No
05.04.2023 9:00;2;Parcelles;09.Jan;24.Sep;11;12;3500;5;Yes
05.04.2023 8:00;3;Médina;03.Sep;25.Feb;15;18;5000;8;No
05.04.2023 9:00;3;Médina;07.Jun;25.May;16;18;5000;8;No
05.04.2023 8:00;1;Almadies;04.May;25.0;12;15;2000;3;No
05.04.2023 9:00;1;Almadies;08.Mar;25.Mar;14;15;2000;3;No
05.04.2023 8:00;2;Parcelles;05.Feb;24.Jul;10;12;3500;5;No
05.04.2023 9:00;2;Parcelles;09.Jan;24.Sep;11;12;3500;5;Yes
05.04.2023 8:00;3;Médina;03.Sep;25.Feb;15;18;5000;8;No
05.04.2023 9:00;3;Médina;07.Jun;25.May;16;18;5000;8;No
05.04.2023 8:00;1;Almadies;04.May;25.0;12;15;2000;3;No
05.04.2023 9:00;1;Almadies;08.Mar;25.Mar;14;15;2000;3;No
05.04.2023 8:00;2;Parcelles;05.Feb;24.Jul;10;12;3500;5;No
05.04.2023 9:00;2;Parcelles;09.Jan;24.Sep;11;12;3500;5;Yes
05.04.2023 8:00;3;Médina;03.Sep;25.Feb;15;18;5000;8;No
05.04.2023 9:00;3;Médina;07.Jun;25.May;16;18;5000;8;No
05.04.2023 8:00;2,470588235;Almadies;04.May;25.1;13,70588235;15,70588235;4205,882353;6,509803922;No
05.04.2023 8:00;2,520123839;Almadies;08.Mar;25.Mar;13,78018576;15,78018576;4280,185759;6,633642931;No
05.04.2023 8:00;2,569659443;Parcelles;05.Feb;24.Jul;13,85448916;15,85448916;4354,489164;6,75748194;No
05.04.2023 8:00;2,619195046;Parcelles;09.Jan;24.Sep;13,92879257;15,92879257;4428,79257;6,881320949;Yes
05.04.2023 8:00;2,66873065;Médina;03.Sep;25.Feb;14,00309598;16,00309598;4503,095975;7,005159959;No
05.04.2023 8:00;2,718266254;Médina;07.Jun;25.May;14,07739938;16,07739938;4577,399381;7,128998968;No
05.04.2023 8:00;2,767801858;Almadies;04.May;25.1;14,15170279;16,15170279;4651,702786;7,252837977;No
05.04.2023 8:00;2,817337461;Almadies;08.Mar;25.Mar;14,22600619;16,22600619;4726,006192;7,376676987;No
05.04.2023 8:00;2,866873065;Parcelles;05.Feb;24.Jul;14,3003096;16,3003096;4800,309598;7,500515996;No
05.04.2023 8:00;2,916408669;Parcelles;09.Jan;24.Sep;14,374613;16,374613;4874,613003;7,624355005;Yes
05.04.2023 8:00;2,965944272;Médina;03.Sep;25.Feb;14,44891641;16,44891641;4948,916409;7,748194014;No
05.04.2023 8:00;3,015479876;Médina;07.Jun;25.May;14,52321981;16,52321981;5023,219814;7,872033024;No
05.04.2023 8:00;3,06501548;Almadies;04.May;25.1;14,59752322;16,59752322;5097,52322;7,995872033;No
05.04.2023 8:00;3,114551084;Almadies;08.Mar;25.Mar;14,67182663;16,67182663;5171,826625;8,119711042;No
05.04.2023 8:00;3,164086687;Parcelles;05.Feb;24.Jul;14,74613003;16,74613003;5246,130031;8,243550052;No
05.04.2023 8:00;3,213622291;Parcelles;09.Jan;24.Sep;14,82043344;16,82043344;5320,433437;8,367389061;Yes
05.04.2023 8:00;3,263157895;Médina;03.Sep;25.Feb;14,89473684;16,89473684;5394,736842;8,49122807;No
05.04.2023 8:00;3,312693498;Médina;07.Jun;25.May;14,96904025;16,96904025;5469,040248;8,615067079;No
05.04.2023 8:00;3,362229102;Almadies;04.May;25.2;15,04334365;17,04334365;5543,343653;8,738906089;No
05.04.2023 8:00;3,411764706;Almadies;08.Mar;25.Mar;15,11764706;17,11764706;5617,647059;8,862745098;No
05.04.2023 8:00;3,46130031;Parcelles;05.Feb;24.Jul;15,19195046;17,19195046;5691,950464;8,986584107;No
05.04.2023 8:00;3,510835913;Parcelles;09.Jan;24.Sep;15,26625387;17,26625387;5766,25387;9,110423117;Yes
05.04.2023 8:00;3,560371517;Médina;03.Sep;25.Feb;15,34055728;17,34055728;5840,557276;9,234262126;No
05.04.2023 8:00;3,609907121;Médina;07.Jun;25.May;15,41486068;17,41486068;5914,860681;9,358101135;No
05.04.2023 8:00;3,659442724;Almadies;04.May;25.2;15,48916409;17,48916409;5989,164087;9,481940144;No
05.04.2023 8:00;3,708978328;Almadies;08.Mar;25.Mar;15,56346749;17,56346749;6063,467492;9,605779154;No
05.04.2023 8:00;3,758513932;Parcelles;05.Feb;24.Jul;15,6377709;17,6377709;6137,770898;9,729618163;No
05.04.2023 8:00;3,808049536;Parcelles;09.Jan;24.Sep;15,7120743;17,7120743;6212,074303;9,853457172;Yes
05.04.2023 8:00;3,857585139;Médina;03.Sep;25.Feb;15,78637771;17,78637771;6286,377709;9,977296182;No
05.04.2023 8:00;3,907120743;Médina;07.Jun;25.May;15,86068111;17,86068111;6360,681115;10,10113519;No
05.04.2023 8:00;3,956656347;Almadies;04.May;25.2;15,93498452;17,93498452;6434,98452;10,2249742;No
05.04.2023 8:00;4,00619195;Almadies;08.Mar;25.Mar;16,00928793;18,00928793;6509,287926;10,34881321;No
05.04.2023 8:00;4,055727554;Parcelles;05.Feb;24.Jul;16,08359133;18,08359133;6583,591331;10,47265222;No
05.04.2023 8:00;4,105263158;Parcelles;09.Jan;24.Sep;16,15789474;18,15789474;6657,894737;10,59649123;Yes
05.04.2023 8:00;4,154798762;Médina;03.Sep;25.Feb;16,23219814;18,23219814;6732,198142;10,72033024;No
05.04.2023 8:00;4,204334365;Médina;07.Jun;25.May;16,30650155;18,30650155;6806,501548;10,84416925;No
05.04.2023 8:00;4,253869969;Almadies;04.May;25.3;16,38080495;18,38080495;6880,804954;10,96800826;No
05.04.2023 8:00;4,303405573;Almadies;08.Mar;25.Mar;16,45510836;18,45510836;6955,108359;11,09184727;No
05.04.2023 8:00;4,352941176;Parcelles;05.Feb;24.Jul;16,52941176;18,52941176;7029,411765;11,21568627;No
05.04.2023 8:00;4,40247678;Parcelles;09.Jan;24.Sep;16,60371517;18,60371517;7103,71517;11,33952528;Yes
05.04.2023 8:00;4,452012384;Médina;03.Sep;25.Feb;16,67801858;18,67801858;7178,018576;11,46336429;No
05.04.2023 8:00;4,501547988;Médina;07.Jun;25.May;16,75232198;18,75232198;7252,321981;11,5872033;No
05.04.2023 8:00;4,551083591;Almadies;04.May;25.3;16,82662539;18,82662539;7326,625387;11,71104231;No
05.04.2023 8:00;4,600619195;Almadies;08.Mar;25.Mar;16,90092879;18,90092879;7400,928793;11,83488132;No
05.04.2023 8:00;4,650154799;Parcelles;05.Feb;24.Jul;16,9752322;18,9752322;7475,232198;11,95872033;No
05.04.2023 8:00;4,699690402;Parcelles;09.Jan;24.Sep;17,0495356;19,0495356;7549,535604;12,08255934;Yes
05.04.2023 8:00;4,749226006;Médina;03.Sep;25.Feb;17,12383901;19,12383901;7623,839009;12,20639835;No
05.04.2023 8:00;4,79876161;Médina;07.Jun;25.May;17,19814241;19,19814241;7698,142415;12,33023736;No
05.04.2023 8:00;4,848297214;Almadies;04.May;25.3;17,27244582;19,27244582;7772,44582;12,45407637;No
05.04.2023 8:00;4,897832817;Almadies;08.Mar;25.Mar;17,34674923;19,34674923;7846,749226;12,57791538;No
05.04.2023 8:00;4,947368421;Parcelles;05.Feb;24.Jul;17,42105263;19,42105263;7921,052632;12,70175439;No
05.04.2023 8:00;4,996904025;Parcelles;09.Jan;24.Sep;17,49535604;19,49535604;7995,356037;12,8255934;Yes
05.04.2023 8:00;5,046439628;Médina;03.Sep;25.Feb;17,56965944;19,56965944;8069,659443;12,9494324;No
05.04.2023 8:00;5,095975232;Médina;07.Jun;25.May;17,64396285;19,64396285;8143,962848;13,07327141;No
05.04.2023 8:00;5,145510836;Almadies;04.May;25.4;17,71826625;19,71826625;8218,266254;13,19711042;No
05.04.2023 8:00;5,19504644;Almadies;08.Mar;25.Mar;17,79256966;19,79256966;8292,569659;13,32094943;No
05.04.2023 8:00;5,244582043;Parcelles;05.Feb;24.Jul;17,86687307;19,86687307;8366,873065;13,44478844;No
05.04.2023 8:00;5,294117647;Parcelles;09.Jan;24.Sep;17,94117647;19,94117647;8441,176471;13,56862745;Yes
05.04.2023 8:00;5,343653251;Médina;03.Sep;25.Feb;18,01547988;20,01547988;8515,479876;13,69246646;No
05.04.2023 8:00;5,393188854;Médina;07.Jun;25.May;18,08978328;20,08978328;8589,783282;13,81630547;No
05.04.2023 8:00;5,442724458;Almadies;04.May;25.4;18,16408669;20,16408669;8664,086687;13,94014448;No
05.04.2023 8:00;5,492260062;Almadies;08.Mar;25.Mar;18,23839009;20,23839009;8738,390093;14,06398349;No
05.04.2023 8:00;5,541795666;Parcelles;05.Feb;24.Jul;18,3126935;20,3126935;8812,693498;14,1878225;No
05.04.2023 8:00;5,591331269;Parcelles;09.Jan;24.Sep;18,3869969;20,3869969;8886,996904;14,31166151;Yes
05.04.2023 8:00;5,640866873;Médina;03.Sep;25.Feb;18,46130031;20,46130031;8961,30031;14,43550052;No
05.04.2023 8:00;5,690402477;Médina;07.Jun;25.May;18,53560372;20,53560372;9035,603715;14,55933953;No
05.04.2023 8:00;5,73993808;Almadies;04.May;25.4;18,60990712;20,60990712;9109,907121;14,68317853;No
05.04.2023 8:00;5,789473684;Almadies;08.Mar;25.Mar;18,68421053;20,68421053;9184,210526;14,80701754;No
05.04.2023 8:00;5,839009288;Parcelles;05.Feb;24.Jul;18,75851393;20,75851393;9258,513932;14,93085655;No
05.04.2023 8:00;5,888544892;Parcelles;09.Jan;24.Sep;18,83281734;20,83281734;9332,817337;15,05469556;Yes
05.04.2023 8:00;5,938080495;Médina;03.Sep;25.Feb;18,90712074;20,90712074;9407,120743;15,17853457;No
05.04.2023 8:00;5,987616099;Médina;07.Jun;25.May;18,98142415;20,98142415;9481,424149;15,30237358;No
05.04.2023 8:00;6,037151703;Almadies;04.May;25.5;19,05572755;21,05572755;9555,727554;15,42621259;No
05.04.2023 8:00;6,086687307;Almadies;08.Mar;25.Mar;19,13003096;21,13003096;9630,03096;15,5500516;No
05.04.2023 8:00;6,13622291;Parcelles;05.Feb;24.Jul;19,20433437;21,20433437;9704,334365;15,67389061;No
05.04.2023 8:00;6,185758514;Parcelles;09.Jan;24.Sep;19,27863777;21,27863777;9778,637771;15,79772962;Yes
05.04.2023 8:00;6,235294118;Médina;03.Sep;25.Feb;19,35294118;21,35294118;9852,941176;15,92156863;No
05.04.2023 8:00;6,284829721;Médina;07.Jun;25.May;19,42724458;21,42724458;9927,244582;16,04540764;No
05.04.2023 8:00;6,334365325;Almadies;04.May;25.5;19,50154799;21,50154799;10001,54799;16,16924665;No
05.04.2023 8:00;6,383900929;Almadies;08.Mar;25.Mar;19,57585139;21,57585139;10075,85139;16,29308566;No
05.04.2023 8:00;6,433436533;Parcelles;05.Feb;24.Jul;19,6501548;21,6501548;10150,1548;16,41692466;No
05.04.2023 8:00;6,482972136;Parcelles;09.Jan;24.Sep;19,7244582;21,7244582;10224,4582;16,54076367;Yes
05.04.2023 8:00;6,53250774;Médina;03.Sep;25.Feb;19,79876161;21,79876161;10298,76161;16,66460268;No
05.04.2023 8:00;6,582043344;Médina;07.Jun;25.May;19,87306502;21,87306502;10373,06502;16,78844169;No
05.04.2023 8:00;6,631578947;Almadies;04.May;25.5;19,94736842;21,94736842;10447,36842;16,9122807;No
05.04.2023 8:00;6,681114551;Almadies;08.Mar;25.Mar;20,02167183;22,02167183;10521,67183;17,03611971;No
05.04.2023 8:00;6,730650155;Parcelles;05.Feb;24.Jul;20,09597523;22,09597523;10595,97523;17,15995872;No
05.04.2023 8:00;6,780185759;Parcelles;09.Jan;24.Sep;20,17027864;22,17027864;10670,27864;17,28379773;Yes
05.04.2023 8:00;6,829721362;Médina;03.Sep;25.Feb;20,24458204;22,24458204;10744,58204;17,40763674;No
05.04.2023 8:00;6,879256966;Médina;07.Jun;25.May;20,31888545;22,31888545;10818,88545;17,53147575;No
05.04.2023 8:00;6,92879257;Almadies;04.May;25.6;20,39318885;22,39318885;10893,18885;17,65531476;No
05.04.2023 8:00;6,978328173;Almadies;08.Mar;25.Mar;20,46749226;22,46749226;10967,49226;17,77915377;No
05.04.2023 8:00;7,027863777;Parcelles;05.Feb;24.Jul;20,54179567;22,54179567;11041,79567;17,90299278;No
05.04.2023 8:00;7,077399381;Parcelles;09.Jan;24.Sep;20,61609907;22,61609907;11116,09907;18,02683179;Yes
05.04.2023 8:00;7,126934985;Médina;03.Sep;25.Feb;20,69040248;22,69040248;11190,40248;18,15067079;No
05.04.2023 8:00;7,176470588;Médina;07.Jun;25.May;20,76470588;22,76470588;11264,70588;18,2745098;No
05.04.2023 8:00;7,226006192;Almadies;04.May;25.6;20,83900929;22,83900929;11339,00929;18,39834881;No
05.04.2023 8:00;7,275541796;Almadies;08.Mar;25.Mar;20,91331269;22,91331269;11413,31269;18,52218782;No
05.04.2023 8:00;7,325077399;Parcelles;05.Feb;24.Jul;20,9876161;22,9876161;11487,6161;18,64602683;No
05.04.2023 8:00;7,374613003;Parcelles;09.Jan;24.Sep;21,0619195;23,0619195;11561,9195;18,76986584;Yes
05.04.2023 8:00;7,424148607;Médina;03.Sep;25.Feb;21,13622291;23,13622291;11636,22291;18,89370485;No
05.04.2023 8:00;7,473684211;Médina;07.Jun;25.May;21,21052632;23,21052632;11710,52632;19,01754386;No
05.04.2023 8:00;7,523219814;Almadies;04.May;25.6;21,28482972;23,28482972;11784,82972;19,14138287;No
05.04.2023 8:00;7,572755418;Almadies;08.Mar;25.Mar;21,35913313;23,35913313;11859,13313;19,26522188;No
05.04.2023 8:00;7,622291022;Parcelles;05.Feb;24.Jul;21,43343653;23,43343653;11933,43653;19,38906089;No
05.04.2023 8:00;7,671826625;Parcelles;09.Jan;24.Sep;21,50773994;23,50773994;12007,73994;19,5128999;Yes
05.04.2023 8:00;7,721362229;Médina;03.Sep;25.Feb;21,58204334;23,58204334;12082,04334;19,63673891;No
05.04.2023 8:00;7,770897833;Médina;07.Jun;25.May;21,65634675;23,65634675;12156,34675;19,76057792;No
05.04.2023 8:00;7,820433437;Almadies;04.May;25.7;21,73065015;23,73065015;12230,65015;19,88441692;No
05.04.2023 8:00;7,86996904;Almadies;08.Mar;25.Mar;21,80495356;23,80495356;12304,95356;20,00825593;No
05.04.2023 8:00;7,919504644;Parcelles;05.Feb;24.Jul;21,87925697;23,87925697;12379,25697;20,13209494;No
05.04.2023 8:00;7,969040248;Parcelles;09.Jan;24.Sep;21,95356037;23,95356037;12453,56037;20,25593395;Yes
05.04.2023 8:00;8,018575851;Médina;03.Sep;25.Feb;22,02786378;24,02786378;12527,86378;20,37977296;No
05.04.2023 8:00;8,068111455;Médina;07.Jun;25.May;22,10216718;24,10216718;12602,16718;20,50361197;No
05.04.2023 8:00;8,117647059;Almadies;04.May;25.7;22,17647059;24,17647059;12676,47059;20,62745098;No
05.04.2023 8:00;8,167182663;Almadies;08.Mar;25.Mar;22,25077399;24,25077399;12750,77399;20,75128999;No
05.04.2023 8:00;8,216718266;Parcelles;05.Feb;24.Jul;22,3250774;24,3250774;12825,0774;20,875129;No
05.04.2023 8:00;8,26625387;Parcelles;09.Jan;24.Sep;22,3993808;24,3993808;12899,3808;20,99896801;Yes
05.04.2023 8:00;8,315789474;Médina;03.Sep;25.Feb;22,47368421;24,47368421;12973,68421;21,12280702;No
05.04.2023 8:00;8,365325077;Médina;07.Jun;25.May;22,54798762;24,54798762;13047,98762;21,24664603;No
05.04.2023 8:00;8,414860681;Almadies;04.May;25.7;22,62229102;24,62229102;13122,29102;21,37048504;No
05.04.2023 8:00;8,464396285;Almadies;08.Mar;25.Mar;22,69659443;24,69659443;13196,59443;21,49432405;No
05.04.2023 8:00;8,513931889;Parcelles;05.Feb;24.Jul;22,77089783;24,77089783;13270,89783;21,61816305;No
05.04.2023 8:00;8,563467492;Parcelles;09.Jan;24.Sep;22,84520124;24,84520124;13345,20124;21,74200206;Yes
05.04.2023 8:00;8,613003096;Médina;03.Sep;25.Feb;22,91950464;24,91950464;13419,50464;21,86584107;No
05.04.2023 8:00;8,6625387;Médina;07.Jun;25.May;22,99380805;24,99380805;13493,80805;21,98968008;No
05.04.2023 8:00;8,712074303;Almadies;04.May;25.8;23,06811146;25,06811146;13568,11146;22,11351909;No
05.04.2023 8:00;8,761609907;Almadies;08.Mar;25.Mar;23,14241486;25,14241486;13642,41486;22,2373581;No
05.04.2023 8:00;8,811145511;Parcelles;05.Feb;24.Jul;23,21671827;25,21671827;13716,71827;22,36119711;No
05.04.2023 8:00;8,860681115;Parcelles;09.Jan;24.Sep;23,29102167;25,29102167;13791,02167;22,48503612;Yes
05.04.2023 8:00;8,910216718;Médina;03.Sep;25.Feb;23,36532508;25,36532508;13865,32508;22,60887513;No
05.04.2023 8:00;8,959752322;Médina;07.Jun;25.May;23,43962848;25,43962848;13939,62848;22,73271414;No
05.04.2023 8:00;9,009287926;Almadies;04.May;25.8;23,51393189;25,51393189;14013,93189;22,85655315;No
05.04.2023 8:00;9,058823529;Almadies;08.Mar;25.Mar;23,58823529;25,58823529;14088,23529;22,98039216;No
05.04.2023 8:00;9,108359133;Parcelles;05.Feb;24.Jul;23,6625387;25,6625387;14162,5387;23,10423117;No
05.04.2023 8:00;9,157894737;Parcelles;09.Jan;24.Sep;23,73684211;25,73684211;14236,84211;23,22807018;Yes
05.04.2023 8:00;9,207430341;Médina;03.Sep;25.Feb;23,81114551;25,81114551;14311,14551;23,35190918;No
05.04.2023 8:00;9,256965944;Médina;07.Jun;25.May;23,88544892;25,88544892;14385,44892;23,47574819;No
05.04.2023 8:00;9,306501548;Almadies;04.May;25.8;23,95975232;25,95975232;14459,75232;23,5995872;No
05.04.2023 8:00;9,356037152;Almadies;08.Mar;25.Mar;24,03405573;26,03405573;14534,05573;23,72342621;No
05.04.2023 8:00;9,405572755;Parcelles;05.Feb;24.Jul;24,10835913;26,10835913;14608,35913;23,84726522;No
05.04.2023 8:00;9,455108359;Parcelles;09.Jan;24.Sep;24,18266254;26,18266254;14682,66254;23,97110423;Yes
05.04.2023 8:00;9,504643963;Médina;03.Sep;25.Feb;24,25696594;26,25696594;14756,96594;24,09494324;No
05.04.2023 8:00;9,554179567;Médina;07.Jun;25.May;24,33126935;26,33126935;14831,26935;24,21878225;No
05.04.2023 8:00;9,60371517;Almadies;04.May;25.9;24,40557276;26,40557276;14905,57276;24,34262126;No
05.04.2023 8:00;9,653250774;Almadies;08.Mar;25.Mar;24,47987616;26,47987616;14979,87616;24,46646027;No
05.04.2023 8:00;9,702786378;Parcelles;05.Feb;24.Jul;24,55417957;26,55417957;15054,17957;24,59029928;No
05.04.2023 8:00;9,752321981;Parcelles;09.Jan;24.Sep;24,62848297;26,62848297;15128,48297;24,71413829;Yes
05.04.2023 8:00;9,801857585;Médina;03.Sep;25.Feb;24,70278638;26,70278638;15202,78638;24,8379773;No
05.04.2023 8:00;9,851393189;Médina;07.Jun;25.May;24,77708978;26,77708978;15277,08978;24,96181631;No
05.04.2023 8:00;9,900928793;Almadies;04.May;25.9;24,85139319;26,85139319;15351,39319;25,08565531;No
05.04.2023 8:00;9,950464396;Almadies;08.Mar;25.Mar;24,92569659;26,92569659;15425,69659;25,20949432;No
05.04.2023 8:00;10;Parcelles;05.Feb;24.Jul;25;27;15500;25,33333333;No
05.04.2023 8:00;10,0495356;Parcelles;09.Jan;24.Sep;25,07430341;27,07430341;15574,30341;25,45717234;Yes
05.04.2023 8:00;10,09907121;Médina;03.Sep;25.Feb;25,14860681;27,14860681;15648,60681;25,58101135;No
05.04.2023 8:00;10,14860681;Médina;07.Jun;25.May;25,22291022;27,22291022;15722,91022;25,70485036;No
05.04.2023 8:00;10,19814241;Almadies;04.May;25.9;25,29721362;27,29721362;15797,21362;25,82868937;No
05.04.2023 8:00;10,24767802;Almadies;08.Mar;25.Mar;25,37151703;27,37151703;15871,51703;25,95252838;No
05.04.2023 8:00;10,29721362;Parcelles;05.Feb;24.Jul;25,44582043;27,44582043;15945,82043;26,07636739;No
05.04.2023 8:00;10,34674923;Parcelles;09.Jan;24.Sep;25,52012384;27,52012384;16020,12384;26,2002064;Yes
05.04.2023 8:00;10,39628483;Médina;03.Sep;25.Feb;25,59442724;27,59442724;16094,42724;26,32404541;No
05.04.2023 8:00;10,44582043;Médina;07.Jun;25.May;25,66873065;27,66873065;16168,73065;26,44788442;No
05.04.2023 8:00;10,49535604;Almadies;04.May;25.10;25,74303406;27,74303406;16243,03406;26,57172343;No
05.04.2023 8:00;10,54489164;Almadies;08.Mar;25.Mar;25,81733746;27,81733746;16317,33746;26,69556244;No
05.04.2023 8:00;10,59442724;Parcelles;05.Feb;24.Jul;25,89164087;27,89164087;16391,64087;26,81940144;No
05.04.2023 8:00;10,64396285;Parcelles;09.Jan;24.Sep;25,96594427;27,96594427;16465,94427;26,94324045;Yes
05.04.2023 8:00;10,69349845;Médina;03.Sep;25.Feb;26,04024768;28,04024768;16540,24768;27,06707946;No
05.04.2023 8:00;10,74303406;Médina;07.Jun;25.May;26,11455108;28,11455108;16614,55108;27,19091847;No
05.04.2023 8:00;10,79256966;Almadies;04.May;25.10;26,18885449;28,18885449;16688,85449;27,31475748;No
05.04.2023 8:00;10,84210526;Almadies;08.Mar;25.Mar;26,26315789;28,26315789;16763,15789;27,43859649;No
05.04.2023 8:00;10,89164087;Parcelles;05.Feb;24.Jul;26,3374613;28,3374613;16837,4613;27,5624355;No
05.04.2023 8:00;10,94117647;Parcelles;09.Jan;24.Sep;26,41176471;28,41176471;16911,76471;27,68627451;Yes
05.04.2023 8:00;10,99071207;Médina;03.Sep;25.Feb;26,48606811;28,48606811;16986,06811;27,81011352;No
05.04.2023 8:00;11,04024768;Médina;07.Jun;25.May;26,56037152;28,56037152;17060,37152;27,93395253;No
05.04.2023 8:00;11,08978328;Almadies;04.May;25.10;26,63467492;28,63467492;17134,67492;28,05779154;No
05.04.2023 8:00;11,13931889;Almadies;08.Mar;25.Mar;26,70897833;28,70897833;17208,97833;28,18163055;No
05.04.2023 8:00;11,18885449;Parcelles;05.Feb;24.Jul;26,78328173;28,78328173;17283,28173;28,30546956;No
05.04.2023 8:00;11,23839009;Parcelles;09.Jan;24.Sep;26,85758514;28,85758514;17357,58514;28,42930857;Yes
05.04.2023 8:00;11,2879257;Médina;03.Sep;25.Feb;26,93188854;28,93188854;17431,88854;28,55314757;No
05.04.2023 8:00;11,3374613;Médina;07.Jun;25.May;27,00619195;29,00619195;17506,19195;28,67698658;No
05.04.2023 8:00;11,3869969;Almadies;04.May;25.11;27,08049536;29,08049536;17580,49536;28,80082559;No
05.04.2023 8:00;11,43653251;Almadies;08.Mar;25.Mar;27,15479876;29,15479876;17654,79876;28,9246646;No
05.04.2023 8:00;11,48606811;Parcelles;05.Feb;24.Jul;27,22910217;29,22910217;17729,10217;29,04850361;No
05.04.2023 8:00;11,53560372;Parcelles;09.Jan;24.Sep;27,30340557;29,30340557;17803,40557;29,17234262;Yes
05.04.2023 8:00;11,58513932;Médina;03.Sep;25.Feb;27,37770898;29,37770898;17877,70898;29,29618163;No
05.04.2023 8:00;11,63467492;Médina;07.Jun;25.May;27,45201238;29,45201238;17952,01238;29,42002064;No
05.04.2023 8:00;11,68421053;Almadies;04.May;25.11;27,52631579;29,52631579;18026,31579;29,54385965;No
05.04.2023 8:00;11,73374613;Almadies;08.Mar;25.Mar;27,6006192;29,6006192;18100,6192;29,66769866;No
05.04.2023 8:00;11,78328173;Parcelles;05.Feb;24.Jul;27,6749226;29,6749226;18174,9226;29,79153767;No
05.04.2023 8:00;11,83281734;Parcelles;09.Jan;24.Sep;27,74922601;29,74922601;18249,22601;29,91537668;Yes
05.04.2023 8:00;11,88235294;Médina;03.Sep;25.Feb;27,82352941;29,82352941;18323,52941;30,03921569;No
05.04.2023 8:00;11,93188854;Médina;07.Jun;25.May;27,89783282;29,89783282;18397,83282;30,1630547;No
05.04.2023 8:00;11,98142415;Almadies;04.May;25.11;27,97213622;29,97213622;18472,13622;30,2868937;No
05.04.2023 8:00;12,03095975;Almadies;08.Mar;25.Mar;28,04643963;30,04643963;18546,43963;30,41073271;No
05.04.2023 8:00;12,08049536;Parcelles;05.Feb;24.Jul;28,12074303;30,12074303;18620,74303;30,53457172;No
05.04.2023 8:00;12,13003096;Parcelles;09.Jan;24.Sep;28,19504644;30,19504644;18695,04644;30,65841073;Yes
05.04.2023 8:00;12,17956656;Médina;03.Sep;25.Feb;28,26934985;30,26934985;18769,34985;30,78224974;No
05.04.2023 8:00;12,22910217;Médina;07.Jun;25.May;28,34365325;30,34365325;18843,65325;30,90608875;No
05.04.2023 8:00;12,27863777;Almadies;04.May;25.12;28,41795666;30,41795666;18917,95666;31,02992776;No
05.04.2023 8:00;12,32817337;Almadies;08.Mar;25.Mar;28,49226006;30,49226006;18992,26006;31,15376677;No
05.04.2023 8:00;12,37770898;Parcelles;05.Feb;24.Jul;28,56656347;30,56656347;19066,56347;31,27760578;No
05.04.2023 8:00;12,42724458;Parcelles;09.Jan;24.Sep;28,64086687;30,64086687;19140,86687;31,40144479;Yes
05.04.2023 8:00;12,47678019;Médina;03.Sep;25.Feb;28,71517028;30,71517028;19215,17028;31,5252838;No
05.04.2023 8:00;12,52631579;Médina;07.Jun;25.May;28,78947368;30,78947368;19289,47368;31,64912281;No
05.04.2023 8:00;12,57585139;Almadies;04.May;25.12;28,86377709;30,86377709;19363,77709;31,77296182;No
05.04.2023 8:00;12,625387;Almadies;08.Mar;25.Mar;28,9380805;30,9380805;19438,0805;31,89680083;No
05.04.2023 8:00;12,6749226;Parcelles;05.Feb;24.Jul;29,0123839;31,0123839;19512,3839;32,02063983;No
05.04.2023 8:00;12,7244582;Parcelles;09.Jan;24.Sep;29,08668731;31,08668731;19586,68731;32,14447884;Yes
05.04.2023 8:00;12,77399381;Médina;03.Sep;25.Feb;29,16099071;31,16099071;19660,99071;32,26831785;No
05.04.2023 8:00;12,82352941;Médina;07.Jun;25.May;29,23529412;31,23529412;19735,29412;32,39215686;No
05.04.2023 8:00;12,87306502;Almadies;04.May;25.12;29,30959752;31,30959752;19809,59752;32,51599587;No
05.04.2023 8:00;12,92260062;Almadies;08.Mar;25.Mar;29,38390093;31,38390093;19883,90093;32,63983488;No
05.04.2023 8:00;12,97213622;Parcelles;05.Feb;24.Jul;29,45820433;31,45820433;19958,20433;32,76367389;No
05.04.2023 8:00;13,02167183;Parcelles;09.Jan;24.Sep;29,53250774;31,53250774;20032,50774;32,8875129;Yes
05.04.2023 8:00;13,07120743;Médina;03.Sep;25.Feb;29,60681115;31,60681115;20106,81115;33,01135191;No
05.04.2023 8:00;13,12074303;Médina;07.Jun;25.May;29,68111455;31,68111455;20181,11455;33,13519092;No
05.04.2023 8:00;13,17027864;Almadies;04.May;25.13;29,75541796;31,75541796;20255,41796;33,25902993;No
05.04.2023 8:00;13,21981424;Almadies;08.Mar;25.Mar;29,82972136;31,82972136;20329,72136;33,38286894;No
05.04.2023 8:00;13,26934985;Parcelles;05.Feb;24.Jul;29,90402477;31,90402477;20404,02477;33,50670795;No
05.04.2023 8:00;13,31888545;Parcelles;09.Jan;24.Sep;29,97832817;31,97832817;20478,32817;33,63054696;Yes
05.04.2023 8:00;13,36842105;Médina;03.Sep;25.Feb;30,05263158;32,05263158;20552,63158;33,75438596;No
05.04.2023 8:00;13,41795666;Médina;07.Jun;25.May;30,12693498;32,12693498;20626,93498;33,87822497;No
05.04.2023 8:00;13,46749226;Almadies;04.May;25.13;30,20123839;32,20123839;20701,23839;34,00206398;No
05.04.2023 8:00;13,51702786;Almadies;08.Mar;25.Mar;30,2755418;32,2755418;20775,5418;34,12590299;No
05.04.2023 8:00;13,56656347;Parcelles;05.Feb;24.Jul;30,3498452;32,3498452;20849,8452;34,249742;No
05.04.2023 8:00;13,61609907;Parcelles;09.Jan;24.Sep;30,42414861;32,42414861;20924,14861;34,37358101;Yes
05.04.2023 8:00;13,66563467;Médina;03.Sep;25.Feb;30,49845201;32,49845201;20998,45201;34,49742002;No
05.04.2023 8:00;13,71517028;Médina;07.Jun;25.May;30,57275542;32,57275542;21072,75542;34,62125903;No
05.04.2023 8:00;13,76470588;Almadies;04.May;25.13;30,64705882;32,64705882;21147,05882;34,74509804;No
05.04.2023 8:00;13,81424149;Almadies;08.Mar;25.Mar;30,72136223;32,72136223;21221,36223;34,86893705;No
05.04.2023 8:00;13,86377709;Parcelles;05.Feb;24.Jul;30,79566563;32,79566563;21295,66563;34,99277606;No
05.04.2023 8:00;13,91331269;Parcelles;09.Jan;24.Sep;30,86996904;32,86996904;21369,96904;35,11661507;Yes
05.04.2023 8:00;13,9628483;Médina;03.Sep;25.Feb;30,94427245;32,94427245;21444,27245;35,24045408;No
05.04.2023 8:00;14,0123839;Médina;07.Jun;25.May;31,01857585;33,01857585;21518,57585;35,36429309;No
05.04.2023 8:00;14,0619195;Almadies;04.May;25.14;31,09287926;33,09287926;21592,87926;35,48813209;No
05.04.2023 8:00;14,11145511;Almadies;08.Mar;25.Mar;31,16718266;33,16718266;21667,18266;35,6119711;No
05.04.2023 8:00;14,16099071;Parcelles;05.Feb;24.Jul;31,24148607;33,24148607;21741,48607;35,73581011;No
05.04.2023 8:00;14,21052632;Parcelles;09.Jan;24.Sep;31,31578947;33,31578947;21815,78947;35,85964912;Yes
05.04.2023 8:00;14,26006192;Médina;03.Sep;25.Feb;31,39009288;33,39009288;21890,09288;35,98348813;No
05.04.2023 8:00;14,30959752;Médina;07.Jun;25.May;31,46439628;33,46439628;21964,39628;36,10732714;No
05.04.2023 8:00;14,35913313;Almadies;04.May;25.14;31,53869969;33,53869969;22038,69969;36,23116615;No
05.04.2023 8:00;14,40866873;Almadies;08.Mar;25.Mar;31,6130031;33,6130031;22113,0031;36,35500516;No
05.04.2023 8:00;14,45820433;Parcelles;05.Feb;24.Jul;31,6873065;33,6873065;22187,3065;36,47884417;No
05.04.2023 8:00;14,50773994;Parcelles;09.Jan;24.Sep;31,76160991;33,76160991;22261,60991;36,60268318;Yes
05.04.2023 8:00;14,55727554;Médina;03.Sep;25.Feb;31,83591331;33,83591331;22335,91331;36,72652219;No
05.04.2023 8:00;14,60681115;Médina;07.Jun;25.May;31,91021672;33,91021672;22410,21672;36,8503612;No
05.04.2023 8:00;14,65634675;Almadies;04.May;25.14;31,98452012;33,98452012;22484,52012;36,97420021;No
05.04.2023 8:00;14,70588235;Almadies;08.Mar;25.Mar;32,05882353;34,05882353;22558,82353;37,09803922;No
05.04.2023 8:00;14,75541796;Parcelles;05.Feb;24.Jul;32,13312693;34,13312693;22633,12693;37,22187822;No
05.04.2023 8:00;14,80495356;Parcelles;09.Jan;24.Sep;32,20743034;34,20743034;22707,43034;37,34571723;Yes
05.04.2023 8:00;14,85448916;Médina;03.Sep;25.Feb;32,28173375;34,28173375;22781,73375;37,46955624;No
05.04.2023 8:00;14,90402477;Médina;07.Jun;25.May;32,35603715;34,35603715;22856,03715;37,59339525;No
05.04.2023 8:00;14,95356037;Almadies;04.May;25.15;32,43034056;34,43034056;22930,34056;37,71723426;No
05.04.2023 8:00;15,00309598;Almadies;08.Mar;25.Mar;32,50464396;34,50464396;23004,64396;37,84107327;No
05.04.2023 8:00;15,05263158;Parcelles;05.Feb;24.Jul;32,57894737;34,57894737;23078,94737;37,96491228;No
05.04.2023 8:00;15,10216718;Parcelles;09.Jan;24.Sep;32,65325077;34,65325077;23153,25077;38,08875129;Yes
05.04.2023 8:00;15,15170279;Médina;03.Sep;25.Feb;32,72755418;34,72755418;23227,55418;38,2125903;No
05.04.2023 8:00;15,20123839;Médina;07.Jun;25.May;32,80185759;34,80185759;23301,85759;38,33642931;No
05.04.2023 8:00;15,25077399;Almadies;04.May;25.15;32,87616099;34,87616099;23376,16099;38,46026832;No
05.04.2023 8:00;15,3003096;Almadies;08.Mar;25.Mar;32,9504644;34,9504644;23450,4644;38,58410733;No
05.04.2023 8:00;15,3498452;Parcelles;05.Feb;24.Jul;33,0247678;35,0247678;23524,7678;38,70794634;No
05.04.2023 8:00;15,3993808;Parcelles;09.Jan;24.Sep;33,09907121;35,09907121;23599,07121;38,83178535;Yes
05.04.2023 8:00;15,44891641;Médina;03.Sep;25.Feb;33,17337461;35,17337461;23673,37461;38,95562436;No
05.04.2023 8:00;15,49845201;Médina;07.Jun;25.May;33,24767802;35,24767802;23747,67802;39,07946336;No
05.04.2023 8:00;15,54798762;Almadies;04.May;25.15;33,32198142;35,32198142;23821,98142;39,20330237;No
05.04.2023 8:00;15,59752322;Almadies;08.Mar;25.Mar;33,39628483;35,39628483;23896,28483;39,32714138;No
05.04.2023 8:00;15,64705882;Parcelles;05.Feb;24.Jul;33,47058824;35,47058824;23970,58824;39,45098039;No
05.04.2023 8:00;15,69659443;Parcelles;09.Jan;24.Sep;33,54489164;35,54489164;24044,89164;39,5748194;Yes
05.04.2023 8:00;15,74613003;Médina;03.Sep;25.Feb;33,61919505;35,61919505;24119,19505;39,69865841;No
05.04.2023 8:00;15,79566563;Médina;07.Jun;25.May;33,69349845;35,69349845;24193,49845;39,82249742;No
05.04.2023 8:00;15,84520124;Almadies;04.May;25.16;33,76780186;35,76780186;24267,80186;39,94633643;No
05.04.2023 8:00;15,89473684;Almadies;08.Mar;25.Mar;33,84210526;35,84210526;24342,10526;40,07017544;No
05.04.2023 8:00;15,94427245;Parcelles;05.Feb;24.Jul;33,91640867;35,91640867;24416,40867;40,19401445;No
05.04.2023 8:00;15,99380805;Parcelles;09.Jan;24.Sep;33,99071207;35,99071207;24490,71207;40,31785346;Yes
05.04.2023 8:00;16,04334365;Médina;03.Sep;25.Feb;34,06501548;36,06501548;24565,01548;40,44169247;No
05.04.2023 8:00;16,09287926;Médina;07.Jun;25.May;34,13931889;36,13931889;24639,31889;40,56553148;No
05.04.2023 8:00;16,14241486;Almadies;04.May;25.16;34,21362229;36,21362229;24713,62229;40,68937049;No
05.04.2023 8:00;16,19195046;Almadies;08.Mar;25.Mar;34,2879257;36,2879257;24787,9257;40,81320949;No
05.04.2023 8:00;16,24148607;Parcelles;05.Feb;24.Jul;34,3622291;36,3622291;24862,2291;40,9370485;No
05.04.2023 8:00;16,29102167;Parcelles;09.Jan;24.Sep;34,43653251;36,43653251;24936,53251;41,06088751;Yes
05.04.2023 8:00;16,34055728;Médina;03.Sep;25.Feb;34,51083591;36,51083591;25010,83591;41,18472652;No
05.04.2023 8:00;16,39009288;Médina;07.Jun;25.May;34,58513932;36,58513932;25085,13932;41,30856553;No
05.04.2023 8:00;16,43962848;Almadies;04.May;25.16;34,65944272;36,65944272;25159,44272;41,43240454;No
05.04.2023 8:00;16,48916409;Almadies;08.Mar;25.Mar;34,73374613;36,73374613;25233,74613;41,55624355;No
05.04.2023 8:00;16,53869969;Parcelles;05.Feb;24.Jul;34,80804954;36,80804954;25308,04954;41,68008256;No
05.04.2023 8:00;16,58823529;Parcelles;09.Jan;24.Sep;34,88235294;36,88235294;25382,35294;41,80392157;Yes
05.04.2023 8:00;16,6377709;Médina;03.Sep;25.Feb;34,95665635;36,95665635;25456,65635;41,92776058;No
05.04.2023 8:00;16,6873065;Médina;07.Jun;25.May;35,03095975;37,03095975;25530,95975;42,05159959;No
05.04.2023 8:00;16,73684211;Almadies;04.May;25.17;35,10526316;37,10526316;25605,26316;42,1754386;No
05.04.2023 8:00;16,78637771;Almadies;08.Mar;25.Mar;35,17956656;37,17956656;25679,56656;42,29927761;No
05.04.2023 8:00;16,83591331;Parcelles;05.Feb;24.Jul;35,25386997;37,25386997;25753,86997;42,42311662;No
05.04.2023 8:00;16,88544892;Parcelles;09.Jan;24.Sep;35,32817337;37,32817337;25828,17337;42,54695562;Yes
05.04.2023 8:00;16,93498452;Médina;03.Sep;25.Feb;35,40247678;37,40247678;25902,47678;42,67079463;No
05.04.2023 8:00;16,98452012;Médina;07.Jun;25.May;35,47678019;37,47678019;25976,78019;42,79463364;No
05.04.2023 8:00;17,03405573;Almadies;04.May;25.17;35,55108359;37,55108359;26051,08359;42,91847265;No
05.04.2023 8:00;17,08359133;Almadies;08.Mar;25.Mar;35,625387;37,625387;26125,387;43,04231166;No
05.04.2023 8:00;17,13312693;Parcelles;05.Feb;24.Jul;35,6996904;37,6996904;26199,6904;43,16615067;No
05.04.2023 8:00;17,18266254;Parcelles;09.Jan;24.Sep;35,77399381;37,77399381;26273,99381;43,28998968;Yes
05.04.2023 8:00;17,23219814;Médina;03.Sep;25.Feb;35,84829721;37,84829721;26348,29721;43,41382869;No
05.04.2023 8:00;17,28173375;Médina;07.Jun;25.May;35,92260062;37,92260062;26422,60062;43,5376677;No
05.04.2023 8:00;17,33126935;Almadies;04.May;25.17;35,99690402;37,99690402;26496,90402;43,66150671;No
05.04.2023 8:00;17,38080495;Almadies;08.Mar;25.Mar;36,07120743;38,07120743;26571,20743;43,78534572;No
05.04.2023 8:00;17,43034056;Parcelles;05.Feb;24.Jul;36,14551084;38,14551084;26645,51084;43,90918473;No
05.04.2023 8:00;17,47987616;Parcelles;09.Jan;24.Sep;36,21981424;38,21981424;26719,81424;44,03302374;Yes
05.04.2023 8:00;17,52941176;Médina;03.Sep;25.Feb;36,29411765;38,29411765;26794,11765;44,15686275;No
05.04.2023 8:00;17,57894737;Médina;07.Jun;25.May;36,36842105;38,36842105;26868,42105;44,28070175;No
05.04.2023 8:00;17,62848297;Almadies;04.May;25.18;36,44272446;38,44272446;26942,72446;44,40454076;No
05.04.2023 8:00;17,67801858;Almadies;08.Mar;25.Mar;36,51702786;38,51702786;27017,02786;44,52837977;No
05.04.2023 8:00;17,72755418;Parcelles;05.Feb;24.Jul;36,59133127;38,59133127;27091,33127;44,65221878;No
05.04.2023 8:00;17,77708978;Parcelles;09.Jan;24.Sep;36,66563467;38,66563467;27165,63467;44,77605779;Yes
05.04.2023 8:00;17,82662539;Médina;03.Sep;25.Feb;36,73993808;38,73993808;27239,93808;44,8998968;No
05.04.2023 8:00;17,87616099;Médina;07.Jun;25.May;36,81424149;38,81424149;27314,24149;45,02373581;No
05.04.2023 8:00;17,92569659;Almadies;04.May;25.18;36,88854489;38,88854489;27388,54489;45,14757482;No
05.04.2023 8:00;17,9752322;Almadies;08.Mar;25.Mar;36,9628483;38,9628483;27462,8483;45,27141383;No
05.04.2023 8:00;18,0247678;Parcelles;05.Feb;24.Jul;37,0371517;39,0371517;27537,1517;45,39525284;No
05.04.2023 8:00;18,07430341;Parcelles;09.Jan;24.Sep;37,11145511;39,11145511;27611,45511;45,51909185;Yes
05.04.2023 8:00;18,12383901;Médina;03.Sep;25.Feb;37,18575851;39,18575851;27685,75851;45,64293086;No
05.04.2023 8:00;18,17337461;Médina;07.Jun;25.May;37,26006192;39,26006192;27760,06192;45,76676987;No
05.04.2023 8:00;18,22291022;Almadies;04.May;25.18;37,33436533;39,33436533;27834,36533;45,89060888;No
05.04.2023 8:00;18,27244582;Almadies;08.Mar;25.Mar;37,40866873;39,40866873;27908,66873;46,01444788;No
05.04.2023 8:00;18,32198142;Parcelles;05.Feb;24.Jul;37,48297214;39,48297214;27982,97214;46,13828689;No
05.04.2023 8:00;18,37151703;Parcelles;09.Jan;24.Sep;37,55727554;39,55727554;28057,27554;46,2621259;Yes
05.04.2023 8:00;18,42105263;Médina;03.Sep;25.Feb;37,63157895;39,63157895;28131,57895;46,38596491;No
05.04.2023 8:00;18,47058824;Médina;07.Jun;25.May;37,70588235;39,70588235;28205,88235;46,50980392;No
05.04.2023 8:00;18,52012384;Almadies;04.May;25.19;37,78018576;39,78018576;28280,18576;46,63364293;No
05.04.2023 8:00;18,56965944;Almadies;08.Mar;25.Mar;37,85448916;39,85448916;28354,48916;46,75748194;No
05.04.2023 8:00;18,61919505;Parcelles;05.Feb;24.Jul;37,92879257;39,92879257;28428,79257;46,88132095;No
05.04.2023 8:00;18,66873065;Parcelles;09.Jan;24.Sep;38,00309598;40,00309598;28503,09598;47,00515996;Yes
05.04.2023 8:00;18,71826625;Médina;03.Sep;25.Feb;38,07739938;40,07739938;28577,39938;47,12899897;No
05.04.2023 8:00;18,76780186;Médina;07.Jun;25.May;38,15170279;40,15170279;28651,70279;47,25283798;No
05.04.2023 8:00;18,81733746;Almadies;04.May;25.19;38,22600619;40,22600619;28726,00619;47,37667699;No
05.04.2023 8:00;18,86687307;Almadies;08.Mar;25.Mar;38,3003096;40,3003096;28800,3096;47,500516;No
05.04.2023 8:00;18,91640867;Parcelles;05.Feb;24.Jul;38,374613;40,374613;28874,613;47,62435501;No
05.04.2023 8:00;18,96594427;Parcelles;09.Jan;24.Sep;38,44891641;40,44891641;28948,91641;47,74819401;Yes
05.04.2023 8:00;19,01547988;Médina;03.Sep;25.Feb;38,52321981;40,52321981;29023,21981;47,87203302;No
05.04.2023 8:00;19,06501548;Médina;07.Jun;25.May;38,59752322;40,59752322;29097,52322;47,99587203;No
05.04.2023 8:00;19,11455108;Almadies;04.May;25.19;38,67182663;40,67182663;29171,82663;48,11971104;No
05.04.2023 8:00;19,16408669;Almadies;08.Mar;25.Mar;38,74613003;40,74613003;29246,13003;48,24355005;No
05.04.2023 8:00;19,21362229;Parcelles;05.Feb;24.Jul;38,82043344;40,82043344;29320,43344;48,36738906;No
05.04.2023 8:00;19,26315789;Parcelles;09.Jan;24.Sep;38,89473684;40,89473684;29394,73684;48,49122807;Yes
05.04.2023 8:00;19,3126935;Médina;03.Sep;25.Feb;38,96904025;40,96904025;29469,04025;48,61506708;No
05.04.2023 8:00;19,3622291;Médina;07.Jun;25.May;39,04334365;41,04334365;29543,34365;48,73890609;No
05.04.2023 8:00;19,41176471;Almadies;04.May;25.20;39,11764706;41,11764706;29617,64706;48,8627451;No
05.04.2023 8:00;19,46130031;Almadies;08.Mar;25.Mar;39,19195046;41,19195046;29691,95046;48,98658411;No
05.04.2023 8:00;19,51083591;Parcelles;05.Feb;24.Jul;39,26625387;41,26625387;29766,25387;49,11042312;No
05.04.2023 8:00;19,56037152;Parcelles;09.Jan;24.Sep;39,34055728;41,34055728;29840,55728;49,23426213;Yes
05.04.2023 8:00;19,60990712;Médina;03.Sep;25.Feb;39,41486068;41,41486068;29914,86068;49,35810114;No
05.04.2023 8:00;19,65944272;Médina;07.Jun;25.May;39,48916409;41,48916409;29989,16409;49,48194014;No
05.04.2023 8:00;19,70897833;Almadies;04.May;25.20;39,56346749;41,56346749;30063,46749;49,60577915;No
05.04.2023 8:00;19,75851393;Almadies;08.Mar;25.Mar;39,6377709;41,6377709;30137,7709;49,72961816;No
05.04.2023 8:00;19,80804954;Parcelles;05.Feb;24.Jul;39,7120743;41,7120743;30212,0743;49,85345717;No
05.04.2023 8:00;19,85758514;Parcelles;09.Jan;24.Sep;39,78637771;41,78637771;30286,37771;49,97729618;Yes
05.04.2023 8:00;19,90712074;Médina;03.Sep;25.Feb;39,86068111;41,86068111;30360,68111;50,10113519;No
05.04.2023 8:00;19,95665635;Médina;07.Jun;25.May;39,93498452;41,93498452;30434,98452;50,2249742;No
05.04.2023 8:00;20,00619195;Almadies;04.May;25.20;40,00928793;42,00928793;30509,28793;50,34881321;No
05.04.2023 8:00;20,05572755;Almadies;08.Mar;25.Mar;40,08359133;42,08359133;30583,59133;50,47265222;No
05.04.2023 8:00;20,10526316;Parcelles;05.Feb;24.Jul;40,15789474;42,15789474;30657,89474;50,59649123;No
05.04.2023 8:00;20,15479876;Parcelles;09.Jan;24.Sep;40,23219814;42,23219814;30732,19814;50,72033024;Yes
05.04.2023 8:00;20,20433437;Médina;03.Sep;25.Feb;40,30650155;42,30650155;30806,50155;50,84416925;No
05.04.2023 8:00;20,25386997;Médina;07.Jun;25.May;40,38080495;42,38080495;30880,80495;50,96800826;No
05.04.2023 8:00;20,30340557;Almadies;04.May;25.21;40,45510836;42,45510836;30955,10836;51,09184727;No
05.04.2023 8:00;20,35294118;Almadies;08.Mar;25.Mar;40,52941176;42,52941176;31029,41176;51,21568627;No
05.04.2023 8:00;20,40247678;Parcelles;05.Feb;24.Jul;40,60371517;42,60371517;31103,71517;51,33952528;No
05.04.2023 8:00;20,45201238;Parcelles;09.Jan;24.Sep;40,67801858;42,67801858;31178,01858;51,46336429;Yes
05.04.2023 8:00;20,50154799;Médina;03.Sep;25.Feb;40,75232198;42,75232198;31252,32198;51,5872033;No
05.04.2023 8:00;20,55108359;Médina;07.Jun;25.May;40,82662539;42,82662539;31326,62539;51,71104231;No
05.04.2023 8:00;20,6006192;Almadies;04.May;25.21;40,90092879;42,90092879;31400,92879;51,83488132;No
05.04.2023 8:00;20,6501548;Almadies;08.Mar;25.Mar;40,9752322;42,9752322;31475,2322;51,95872033;No
05.04.2023 8:00;20,6996904;Parcelles;05.Feb;24.Jul;41,0495356;43,0495356;31549,5356;52,08255934;No
05.04.2023 8:00;20,74922601;Parcelles;09.Jan;24.Sep;41,12383901;43,12383901;31623,83901;52,20639835;Yes
05.04.2023 8:00;20,79876161;Médina;03.Sep;25.Feb;41,19814241;43,19814241;31698,14241;52,33023736;No
05.04.2023 8:00;20,84829721;Médina;07.Jun;25.May;41,27244582;43,27244582;31772,44582;52,45407637;No
05.04.2023 8:00;20,89783282;Almadies;04.May;25.21;41,34674923;43,34674923;31846,74923;52,57791538;No
05.04.2023 8:00;20,94736842;Almadies;08.Mar;25.Mar;41,42105263;43,42105263;31921,05263;52,70175439;No
05.04.2023 8:00;20,99690402;Parcelles;05.Feb;24.Jul;41,49535604;43,49535604;31995,35604;52,8255934;No
05.04.2023 8:00;21,04643963;Parcelles;09.Jan;24.Sep;41,56965944;43,56965944;32069,65944;52,9494324;Yes
05.04.2023 8:00;21,09597523;Médina;03.Sep;25.Feb;41,64396285;43,64396285;32143,96285;53,07327141;No
05.04.2023 8:00;21,14551084;Médina;07.Jun;25.May;41,71826625;43,71826625;32218,26625;53,19711042;No
05.04.2023 8:00;21,19504644;Almadies;04.May;25.22;41,79256966;43,79256966;32292,56966;53,32094943;No
05.04.2023 8:00;21,24458204;Almadies;08.Mar;25.Mar;41,86687307;43,86687307;32366,87307;53,44478844;No
05.04.2023 8:00;21,29411765;Parcelles;05.Feb;24.Jul;41,94117647;43,94117647;32441,17647;53,56862745;No
05.04.2023 8:00;21,34365325;Parcelles;09.Jan;24.Sep;42,01547988;44,01547988;32515,47988;53,69246646;Yes
05.04.2023 8:00;21,39318885;Médina;03.Sep;25.Feb;42,08978328;44,08978328;32589,78328;53,81630547;No
05.04.2023 8:00;21,44272446;Médina;07.Jun;25.May;42,16408669;44,16408669;32664,08669;53,94014448;No
05.04.2023 8:00;21,49226006;Almadies;04.May;25.22;42,23839009;44,23839009;32738,39009;54,06398349;No
05.04.2023 8:00;21,54179567;Almadies;08.Mar;25.Mar;42,3126935;44,3126935;32812,6935;54,1878225;No
05.04.2023 8:00;21,59133127;Parcelles;05.Feb;24.Jul;42,3869969;44,3869969;32886,9969;54,31166151;No
05.04.2023 8:00;21,64086687;Parcelles;09.Jan;24.Sep;42,46130031;44,46130031;32961,30031;54,43550052;Yes
05.04.2023 8:00;21,69040248;Médina;03.Sep;25.Feb;42,53560372;44,53560372;33035,60372;54,55933953;No
05.04.2023 8:00;21,73993808;Médina;07.Jun;25.May;42,60990712;44,60990712;33109,90712;54,68317853;No
05.04.2023 8:00;21,78947368;Almadies;04.May;25.22;42,68421053;44,68421053;33184,21053;54,80701754;No
05.04.2023 8:00;21,83900929;Almadies;08.Mar;25.Mar;42,75851393;44,75851393;33258,51393;54,93085655;No
05.04.2023 8:00;21,88854489;Parcelles;05.Feb;24.Jul;42,83281734;44,83281734;33332,81734;55,05469556;No
05.04.2023 8:00;21,9380805;Parcelles;09.Jan;24.Sep;42,90712074;44,90712074;33407,12074;55,17853457;Yes
05.04.2023 8:00;21,9876161;Médina;03.Sep;25.Feb;42,98142415;44,98142415;33481,42415;55,30237358;No
05.04.2023 8:00;22,0371517;Médina;07.Jun;25.May;43,05572755;45,05572755;33555,72755;55,42621259;No
05.04.2023 8:00;22,08668731;Almadies;04.May;25.23;43,13003096;45,13003096;33630,03096;55,5500516;No
05.04.2023 8:00;22,13622291;Almadies;08.Mar;25.Mar;43,20433437;45,20433437;33704,33437;55,67389061;No
05.04.2023 8:00;22,18575851;Parcelles;05.Feb;24.Jul;43,27863777;45,27863777;33778,63777;55,79772962;No
05.04.2023 8:00;22,23529412;Parcelles;09.Jan;24.Sep;43,35294118;45,35294118;33852,94118;55,92156863;Yes
05.04.2023 8:00;22,28482972;Médina;03.Sep;25.Feb;43,42724458;45,42724458;33927,24458;56,04540764;No
05.04.2023 8:00;22,33436533;Médina;07.Jun;25.May;43,50154799;45,50154799;34001,54799;56,16924665;No
05.04.2023 8:00;22,38390093;Almadies;04.May;25.23;43,57585139;45,57585139;34075,85139;56,29308566;No
05.04.2023 8:00;22,43343653;Almadies;08.Mar;25.Mar;43,6501548;45,6501548;34150,1548;56,41692466;No
05.04.2023 8:00;22,48297214;Parcelles;05.Feb;24.Jul;43,7244582;45,7244582;34224,4582;56,54076367;No
05.04.2023 8:00;22,53250774;Parcelles;09.Jan;24.Sep;43,79876161;45,79876161;34298,76161;56,66460268;Yes
05.04.2023 8:00;22,58204334;Médina;03.Sep;25.Feb;43,87306502;45,87306502;34373,06502;56,78844169;No
05.04.2023 8:00;22,63157895;Médina;07.Jun;25.May;43,94736842;45,94736842;34447,36842;56,9122807;No
05.04.2023 8:00;22,68111455;Almadies;04.May;25.23;44,02167183;46,02167183;34521,67183;57,03611971;No
05.04.2023 8:00;22,73065015;Almadies;08.Mar;25.Mar;44,09597523;46,09597523;34595,97523;57,15995872;No
05.04.2023 8:00;22,78018576;Parcelles;05.Feb;24.Jul;44,17027864;46,17027864;34670,27864;57,28379773;No
05.04.2023 8:00;22,82972136;Parcelles;09.Jan;24.Sep;44,24458204;46,24458204;34744,58204;57,40763674;Yes
05.04.2023 8:00;22,87925697;Médina;03.Sep;25.Feb;44,31888545;46,31888545;34818,88545;57,53147575;No
05.04.2023 8:00;22,92879257;Médina;07.Jun;25.May;44,39318885;46,39318885;34893,18885;57,65531476;No
05.04.2023 8:00;22,97832817;Almadies;04.May;25.24;44,46749226;46,46749226;34967,49226;57,77915377;No
05.04.2023 8:00;23,02786378;Almadies;08.Mar;25.Mar;44,54179567;46,54179567;35041,79567;57,90299278;No
05.04.2023 8:00;23,07739938;Parcelles;05.Feb;24.Jul;44,61609907;46,61609907;35116,09907;58,02683179;No
05.04.2023 8:00;23,12693498;Parcelles;09.Jan;24.Sep;44,69040248;46,69040248;35190,40248;58,15067079;Yes
05.04.2023 8:00;23,17647059;Médina;03.Sep;25.Feb;44,76470588;46,76470588;35264,70588;58,2745098;No
05.04.2023 8:00;23,22600619;Médina;07.Jun;25.May;44,83900929;46,83900929;35339,00929;58,39834881;No
05.04.2023 8:00;23,2755418;Almadies;04.May;25.24;44,91331269;46,91331269;35413,31269;58,52218782;No
05.04.2023 8:00;23,3250774;Almadies;08.Mar;25.Mar;44,9876161;46,9876161;35487,6161;58,64602683;No
05.04.2023 8:00;23,374613;Parcelles;05.Feb;24.Jul;45,0619195;47,0619195;35561,9195;58,76986584;No
05.04.2023 8:00;23,42414861;Parcelles;09.Jan;24.Sep;45,13622291;47,13622291;35636,22291;58,89370485;Yes
05.04.2023 8:00;23,47368421;Médina;03.Sep;25.Feb;45,21052632;47,21052632;35710,52632;59,01754386;No
05.04.2023 8:00;23,52321981;Médina;07.Jun;25.May;45,28482972;47,28482972;35784,82972;59,14138287;No
05.04.2023 8:00;23,57275542;Almadies;04.May;25.24;45,35913313;47,35913313;35859,13313;59,26522188;No
05.04.2023 8:00;23,62229102;Almadies;08.Mar;25.Mar;45,43343653;47,43343653;35933,43653;59,38906089;No
05.04.2023 8:00;23,67182663;Parcelles;05.Feb;24.Jul;45,50773994;47,50773994;36007,73994;59,5128999;No
05.04.2023 8:00;23,72136223;Parcelles;09.Jan;24.Sep;45,58204334;47,58204334;36082,04334;59,63673891;Yes
05.04.2023 8:00;23,77089783;Médina;03.Sep;25.Feb;45,65634675;47,65634675;36156,34675;59,76057792;No
05.04.2023 8:00;23,82043344;Médina;07.Jun;25.May;45,73065015;47,73065015;36230,65015;59,88441692;No
05.04.2023 8:00;23,86996904;Almadies;04.May;25.25;45,80495356;47,80495356;36304,95356;60,00825593;No
05.04.2023 8:00;23,91950464;Almadies;08.Mar;25.Mar;45,87925697;47,87925697;36379,25697;60,13209494;No
05.04.2023 8:00;23,96904025;Parcelles;05.Feb;24.Jul;45,95356037;47,95356037;36453,56037;60,25593395;No
05.04.2023 8:00;24,01857585;Parcelles;09.Jan;24.Sep;46,02786378;48,02786378;36527,86378;60,37977296;Yes
05.04.2023 8:00;24,06811146;Médina;03.Sep;25.Feb;46,10216718;48,10216718;36602,16718;60,50361197;No
05.04.2023 8:00;24,11764706;Médina;07.Jun;25.May;46,17647059;48,17647059;36676,47059;60,62745098;No
05.04.2023 8:00;24,16718266;Almadies;04.May;25.25;46,25077399;48,25077399;36750,77399;60,75128999;No
05.04.2023 8:00;24,21671827;Almadies;08.Mar;25.Mar;46,3250774;48,3250774;36825,0774;60,875129;No
05.04.2023 8:00;24,26625387;Parcelles;05.Feb;24.Jul;46,3993808;48,3993808;36899,3808;60,99896801;No
05.04.2023 8:00;24,31578947;Parcelles;09.Jan;24.Sep;46,47368421;48,47368421;36973,68421;61,12280702;Yes
05.04.2023 8:00;24,36532508;Médina;03.Sep;25.Feb;46,54798762;48,54798762;37047,98762;61,24664603;No
05.04.2023 8:00;24,41486068;Médina;07.Jun;25.May;46,62229102;48,62229102;37122,29102;61,37048504;No
05.04.2023 8:00;24,46439628;Almadies;04.May;25.25;46,69659443;48,69659443;37196,59443;61,49432405;No
05.04.2023 8:00;24,51393189;Almadies;08.Mar;25.Mar;46,77089783;48,77089783;37270,89783;61,61816305;No
05.04.2023 8:00;24,56346749;Parcelles;05.Feb;24.Jul;46,84520124;48,84520124;37345,20124;61,74200206;No
05.04.2023 8:00;24,6130031;Parcelles;09.Jan;24.Sep;46,91950464;48,91950464;37419,50464;61,86584107;Yes
05.04.2023 8:00;24,6625387;Médina;03.Sep;25.Feb;46,99380805;48,99380805;37493,80805;61,98968008;No
05.04.2023 8:00;24,7120743;Médina;07.Jun;25.May;47,06811146;49,06811146;37568,11146;62,11351909;No
05.04.2023 8:00;24,76160991;Almadies;04.May;25.26;47,14241486;49,14241486;37642,41486;62,2373581;No
05.04.2023 8:00;24,81114551;Almadies;08.Mar;25.Mar;47,21671827;49,21671827;37716,71827;62,36119711;No
05.04.2023 8:00;24,86068111;Parcelles;05.Feb;24.Jul;47,29102167;49,29102167;37791,02167;62,48503612;No
05.04.2023 8:00;24,91021672;Parcelles;09.Jan;24.Sep;47,36532508;49,36532508;37865,32508;62,60887513;Yes
05.04.2023 8:00;24,95975232;Médina;03.Sep;25.Feb;47,43962848;49,43962848;37939,62848;62,73271414;No
05.04.2023 8:00;25,00928793;Médina;07.Jun;25.May;47,51393189;49,51393189;38013,93189;62,85655315;No
05.04.2023 8:00;25,05882353;Almadies;04.May;25.26;47,58823529;49,58823529;38088,23529;62,98039216;No
05.04.2023 8:00;25,10835913;Almadies;08.Mar;25.Mar;47,6625387;49,6625387;38162,5387;63,10423117;No
05.04.2023 8:00;25,15789474;Parcelles;05.Feb;24.Jul;47,73684211;49,73684211;38236,84211;63,22807018;No
05.04.2023 8:00;25,20743034;Parcelles;09.Jan;24.Sep;47,81114551;49,81114551;38311,14551;63,35190918;Yes
05.04.2023 8:00;25,25696594;Médina;03.Sep;25.Feb;47,88544892;49,88544892;38385,44892;63,47574819;No
05.04.2023 8:00;25,30650155;Médina;07.Jun;25.May;47,95975232;49,95975232;38459,75232;63,5995872;No
05.04.2023 8:00;25,35603715;Almadies;04.May;25.26;48,03405573;50,03405573;38534,05573;63,72342621;No
05.04.2023 8:00;25,40557276;Almadies;08.Mar;25.Mar;48,10835913;50,10835913;38608,35913;63,84726522;No
05.04.2023 8:00;25,45510836;Parcelles;05.Feb;24.Jul;48,18266254;50,18266254;38682,66254;63,97110423;No
05.04.2023 8:00;25,50464396;Parcelles;09.Jan;24.Sep;48,25696594;50,25696594;38756,96594;64,09494324;Yes
05.04.2023 8:00;25,55417957;Médina;03.Sep;25.Feb;48,33126935;50,33126935;38831,26935;64,21878225;No
05.04.2023 8:00;25,60371517;Médina;07.Jun;25.May;48,40557276;50,40557276;38905,57276;64,34262126;No
05.04.2023 8:00;25,65325077;Almadies;04.May;25.27;48,47987616;50,47987616;38979,87616;64,46646027;No
05.04.2023 8:00;25,70278638;Almadies;08.Mar;25.Mar;48,55417957;50,55417957;39054,17957;64,59029928;No
05.04.2023 8:00;25,75232198;Parcelles;05.Feb;24.Jul;48,62848297;50,62848297;39128,48297;64,71413829;No
05.04.2023 8:00;25,80185759;Parcelles;09.Jan;24.Sep;48,70278638;50,70278638;39202,78638;64,8379773;Yes
05.04.2023 8:00;25,85139319;Médina;03.Sep;25.Feb;48,77708978;50,77708978;39277,08978;64,96181631;No
05.04.2023 8:00;25,90092879;Médina;07.Jun;25.May;48,85139319;50,85139319;39351,39319;65,08565531;No
05.04.2023 8:00;25,9504644;Almadies;04.May;25.27;48,92569659;50,92569659;39425,69659;65,20949432;No
05.04.2023 8:00;26;Almadies;08.Mar;25.Mar;49;51;39500;65,33333333;No
05.04.2023 8:00;26,0495356;Parcelles;05.Feb;24.Jul;49,07430341;51,07430341;39574,30341;65,45717234;No
05.04.2023 8:00;26,09907121;Parcelles;09.Jan;24.Sep;49,14860681;51,14860681;39648,60681;65,58101135;Yes
05.04.2023 8:00;26,14860681;Médina;03.Sep;25.Feb;49,22291022;51,22291022;39722,91022;65,70485036;No
05.04.2023 8:00;26,19814241;Médina;07.Jun;25.May;49,29721362;51,29721362;39797,21362;65,82868937;No
05.04.2023 8:00;26,24767802;Almadies;04.May;25.27;49,37151703;51,37151703;39871,51703;65,95252838;No
05.04.2023 8:00;26,29721362;Almadies;08.Mar;25.Mar;49,44582043;51,44582043;39945,82043;66,07636739;No
05.04.2023 8:00;26,34674923;Parcelles;05.Feb;24.Jul;49,52012384;51,52012384;40020,12384;66,2002064;No
05.04.2023 8:00;26,39628483;Parcelles;09.Jan;24.Sep;49,59442724;51,59442724;40094,42724;66,32404541;Yes
05.04.2023 8:00;26,44582043;Médina;03.Sep;25.Feb;49,66873065;51,66873065;40168,73065;66,44788442;No
05.04.2023 8:00;26,49535604;Médina;07.Jun;25.May;49,74303406;51,74303406;40243,03406;66,57172343;No
05.04.2023 8:00;26,54489164;Almadies;04.May;25.28;49,81733746;51,81733746;40317,33746;66,69556244;No
05.04.2023 8:00;26,59442724;Almadies;08.Mar;25.Mar;49,89164087;51,89164087;40391,64087;66,81940144;No
05.04.2023 8:00;26,64396285;Parcelles;05.Feb;24.Jul;49,96594427;51,96594427;40465,94427;66,94324045;No
05.04.2023 8:00;26,69349845;Parcelles;09.Jan;24.Sep;50,04024768;52,04024768;40540,24768;67,06707946;Yes
05.04.2023 8:00;26,74303406;Médina;03.Sep;25.Feb;50,11455108;52,11455108;40614,55108;67,19091847;No
05.04.2023 8:00;26,79256966;Médina;07.Jun;25.May;50,18885449;52,18885449;40688,85449;67,31475748;No
05.04.2023 8:00;26,84210526;Almadies;04.May;25.28;50,26315789;52,26315789;40763,15789;67,43859649;No
05.04.2023 8:00;26,89164087;Almadies;08.Mar;25.Mar;50,3374613;52,3374613;40837,4613;67,5624355;No
05.04.2023 8:00;26,94117647;Parcelles;05.Feb;24.Jul;50,41176471;52,41176471;40911,76471;67,68627451;No
05.04.2023 8:00;26,99071207;Parcelles;09.Jan;24.Sep;50,48606811;52,48606811;40986,06811;67,81011352;Yes
05.04.2023 8:00;27,04024768;Médina;03.Sep;25.Feb;50,56037152;52,56037152;41060,37152;67,93395253;No
05.04.2023 8:00;27,08978328;Médina;07.Jun;25.May;50,63467492;52,63467492;41134,67492;68,05779154;No
05.04.2023 8:00;27,13931889;Almadies;04.May;25.28;50,70897833;52,70897833;41208,97833;68,18163055;No
05.04.2023 8:00;27,18885449;Almadies;08.Mar;25.Mar;50,78328173;52,78328173;41283,28173;68,30546956;No
05.04.2023 8:00;27,23839009;Parcelles;05.Feb;24.Jul;50,85758514;52,85758514;41357,58514;68,42930857;No
05.04.2023 8:00;27,2879257;Parcelles;09.Jan;24.Sep;50,93188854;52,93188854;41431,88854;68,55314757;Yes
05.04.2023 8:00;27,3374613;Médina;03.Sep;25.Feb;51,00619195;53,00619195;41506,19195;68,67698658;No
05.04.2023 8:00;27,3869969;Médina;07.Jun;25.May;51,08049536;53,08049536;41580,49536;68,80082559;No
05.04.2023 8:00;27,43653251;Almadies;04.May;25.29;51,15479876;53,15479876;41654,79876;68,9246646;No
05.04.2023 8:00;27,48606811;Almadies;08.Mar;25.Mar;51,22910217;53,22910217;41729,10217;69,04850361;No
05.04.2023 8:00;27,53560372;Parcelles;05.Feb;24.Jul;51,30340557;53,30340557;41803,40557;69,17234262;No
05.04.2023 8:00;27,58513932;Parcelles;09.Jan;24.Sep;51,37770898;53,37770898;41877,70898;69,29618163;Yes
05.04.2023 8:00;27,63467492;Médina;03.Sep;25.Feb;51,45201238;53,45201238;41952,01238;69,42002064;No
05.04.2023 8:00;27,68421053;Médina;07.Jun;25.May;51,52631579;53,52631579;42026,31579;69,54385965;No
05.04.2023 8:00;27,73374613;Almadies;04.May;25.29;51,6006192;53,6006192;42100,6192;69,66769866;No
05.04.2023 8:00;27,78328173;Almadies;08.Mar;25.Mar;51,6749226;53,6749226;42174,9226;69,79153767;No
05.04.2023 8:00;27,83281734;Parcelles;05.Feb;24.Jul;51,74922601;53,74922601;42249,22601;69,91537668;No
05.04.2023 8:00;27,88235294;Parcelles;09.Jan;24.Sep;51,82352941;53,82352941;42323,52941;70,03921569;Yes
05.04.2023 8:00;27,93188854;Médina;03.Sep;25.Feb;51,89783282;53,89783282;42397,83282;70,1630547;No
05.04.2023 8:00;27,98142415;Médina;07.Jun;25.May;51,97213622;53,97213622;42472,13622;70,2868937;No
05.04.2023 8:00;28,03095975;Almadies;04.May;25.29;52,04643963;54,04643963;42546,43963;70,41073271;No
05.04.2023 8:00;28,08049536;Almadies;08.Mar;25.Mar;52,12074303;54,12074303;42620,74303;70,53457172;No
05.04.2023 8:00;28,13003096;Parcelles;05.Feb;24.Jul;52,19504644;54,19504644;42695,04644;70,65841073;No
05.04.2023 8:00;28,17956656;Parcelles;09.Jan;24.Sep;52,26934985;54,26934985;42769,34985;70,78224974;Yes
05.04.2023 8:00;28,22910217;Médina;03.Sep;25.Feb;52,34365325;54,34365325;42843,65325;70,90608875;No
05.04.2023 8:00;28,27863777;Médina;07.Jun;25.May;52,41795666;54,41795666;42917,95666;71,02992776;No
05.04.2023 8:00;28,32817337;Almadies;04.May;25.30;52,49226006;54,49226006;42992,26006;71,15376677;No
05.04.2023 8:00;28,37770898;Almadies;08.Mar;25.Mar;52,56656347;54,56656347;43066,56347;71,27760578;No
05.04.2023 8:00;28,42724458;Parcelles;05.Feb;24.Jul;52,64086687;54,64086687;43140,86687;71,40144479;No
05.04.2023 8:00;28,47678019;Parcelles;09.Jan;24.Sep;52,71517028;54,71517028;43215,17028;71,5252838;Yes
05.04.2023 8:00;28,52631579;Médina;03.Sep;25.Feb;52,78947368;54,78947368;43289,47368;71,64912281;No
05.04.2023 8:00;28,57585139;Médina;07.Jun;25.May;52,86377709;54,86377709;43363,77709;71,77296182;No
05.04.2023 8:00;28,625387;Almadies;04.May;25.30;52,9380805;54,9380805;43438,0805;71,89680083;No
05.04.2023 8:00;28,6749226;Almadies;08.Mar;25.Mar;53,0123839;55,0123839;43512,3839;72,02063983;No
05.04.2023 8:00;28,7244582;Parcelles;05.Feb;24.Jul;53,08668731;55,08668731;43586,68731;72,14447884;No
05.04.2023 8:00;28,77399381;Parcelles;09.Jan;24.Sep;53,16099071;55,16099071;43660,99071;72,26831785;Yes
05.04.2023 8:00;28,82352941;Médina;03.Sep;25.Feb;53,23529412;55,23529412;43735,29412;72,39215686;No
05.04.2023 8:00;28,87306502;Médina;07.Jun;25.May;53,30959752;55,30959752;43809,59752;72,51599587;No
05.04.2023 8:00;28,92260062;Almadies;04.May;25.30;53,38390093;55,38390093;43883,90093;72,63983488;No
05.04.2023 8:00;28,97213622;Almadies;08.Mar;25.Mar;53,45820433;55,45820433;43958,20433;72,76367389;No
05.04.2023 8:00;29,02167183;Parcelles;05.Feb;24.Jul;53,53250774;55,53250774;44032,50774;72,8875129;No
05.04.2023 8:00;29,07120743;Parcelles;09.Jan;24.Sep;53,60681115;55,60681115;44106,81115;73,01135191;Yes
05.04.2023 8:00;29,12074303;Médina;03.Sep;25.Feb;53,68111455;55,68111455;44181,11455;73,13519092;No
05.04.2023 8:00;29,17027864;Médina;07.Jun;25.May;53,75541796;55,75541796;44255,41796;73,25902993;No
05.04.2023 8:00;29,21981424;Almadies;04.May;25.31;53,82972136;55,82972136;44329,72136;73,38286894;No
05.04.2023 8:00;29,26934985;Almadies;08.Mar;25.Mar;53,90402477;55,90402477;44404,02477;73,50670795;No
05.04.2023 8:00;29,31888545;Parcelles;05.Feb;24.Jul;53,97832817;55,97832817;44478,32817;73,63054696;No
05.04.2023 8:00;29,36842105;Parcelles;09.Jan;24.Sep;54,05263158;56,05263158;44552,63158;73,75438596;Yes
05.04.2023 8:00;29,41795666;Médina;03.Sep;25.Feb;54,12693498;56,12693498;44626,93498;73,87822497;No
05.04.2023 8:00;29,46749226;Médina;07.Jun;25.May;54,20123839;56,20123839;44701,23839;74,00206398;No
05.04.2023 8:00;29,51702786;Almadies;04.May;25.31;54,2755418;56,2755418;44775,5418;74,12590299;No
05.04.2023 8:00;29,56656347;Almadies;08.Mar;25.Mar;54,3498452;56,3498452;44849,8452;74,249742;No
05.04.2023 8:00;29,61609907;Parcelles;05.Feb;24.Jul;54,42414861;56,42414861;44924,14861;74,37358101;No
05.04.2023 8:00;29,66563467;Parcelles;09.Jan;24.Sep;54,49845201;56,49845201;44998,45201;74,49742002;Yes
05.04.2023 8:00;29,71517028;Médina;03.Sep;25.Feb;54,57275542;56,57275542;45072,75542;74,62125903;No
05.04.2023 8:00;29,76470588;Médina;07.Jun;25.May;54,64705882;56,64705882;45147,05882;74,74509804;No
05.04.2023 8:00;29,81424149;Almadies;04.May;25.31;54,72136223;56,72136223;45221,36223;74,86893705;No
05.04.2023 8:00;29,86377709;Almadies;08.Mar;25.Mar;54,79566563;56,79566563;45295,66563;74,99277606;No
05.04.2023 8:00;29,91331269;Parcelles;05.Feb;24.Jul;54,86996904;56,86996904;45369,96904;75,11661507;No
05.04.2023 8:00;29,9628483;Parcelles;09.Jan;24.Sep;54,94427245;56,94427245;45444,27245;75,24045408;Yes
05.04.2023 8:00;30,0123839;Médina;03.Sep;25.Feb;55,01857585;57,01857585;45518,57585;75,36429309;No
05.04.2023 8:00;30,0619195;Médina;07.Jun;25.May;55,09287926;57,09287926;45592,87926;75,48813209;No
05.04.2023 8:00;30,11145511;Almadies;04.May;25.32;55,16718266;57,16718266;45667,18266;75,6119711;No
05.04.2023 8:00;30,16099071;Almadies;08.Mar;25.Mar;55,24148607;57,24148607;45741,48607;75,73581011;No
05.04.2023 8:00;30,21052632;Parcelles;05.Feb;24.Jul;55,31578947;57,31578947;45815,78947;75,85964912;No
05.04.2023 8:00;30,26006192;Parcelles;09.Jan;24.Sep;55,39009288;57,39009288;45890,09288;75,98348813;Yes
05.04.2023 8:00;30,30959752;Médina;03.Sep;25.Feb;55,46439628;57,46439628;45964,39628;76,10732714;No
05.04.2023 8:00;30,35913313;Médina;07.Jun;25.May;55,53869969;57,53869969;46038,69969;76,23116615;No
05.04.2023 8:00;30,40866873;Almadies;04.May;25.32;55,6130031;57,6130031;46113,0031;76,35500516;No
05.04.2023 8:00;30,45820433;Almadies;08.Mar;25.Mar;55,6873065;57,6873065;46187,3065;76,47884417;No
05.04.2023 8:00;30,50773994;Parcelles;05.Feb;24.Jul;55,76160991;57,76160991;46261,60991;76,60268318;No
05.04.2023 8:00;30,55727554;Parcelles;09.Jan;24.Sep;55,83591331;57,83591331;46335,91331;76,72652219;Yes
05.04.2023 8:00;30,60681115;Médina;03.Sep;25.Feb;55,91021672;57,91021672;46410,21672;76,8503612;No
05.04.2023 8:00;30,65634675;Médina;07.Jun;25.May;55,98452012;57,98452012;46484,52012;76,97420021;No
05.04.2023 8:00;30,70588235;Almadies;04.May;25.32;56,05882353;58,05882353;46558,82353;77,09803922;No
05.04.2023 8:00;30,75541796;Almadies;08.Mar;25.Mar;56,13312693;58,13312693;46633,12693;77,22187822;No
05.04.2023 8:00;30,80495356;Parcelles;05.Feb;24.Jul;56,20743034;58,20743034;46707,43034;77,34571723;No
05.04.2023 8:00;30,85448916;Parcelles;09.Jan;24.Sep;56,28173375;58,28173375;46781,73375;77,46955624;Yes
05.04.2023 8:00;30,90402477;Médina;03.Sep;25.Feb;56,35603715;58,35603715;46856,03715;77,59339525;No
05.04.2023 8:00;30,95356037;Médina;07.Jun;25.May;56,43034056;58,43034056;46930,34056;77,71723426;No
05.04.2023 8:00;31,00309598;Almadies;04.May;25.33;56,50464396;58,50464396;47004,64396;77,84107327;No
05.04.2023 8:00;31,05263158;Almadies;08.Mar;25.Mar;56,57894737;58,57894737;47078,94737;77,96491228;No
05.04.2023 8:00;31,10216718;Parcelles;05.Feb;24.Jul;56,65325077;58,65325077;47153,25077;78,08875129;No
05.04.2023 8:00;31,15170279;Parcelles;09.Jan;24.Sep;56,72755418;58,72755418;47227,55418;78,2125903;Yes
05.04.2023 8:00;31,20123839;Médina;03.Sep;25.Feb;56,80185759;58,80185759;47301,85759;78,33642931;No
05.04.2023 8:00;31,25077399;Médina;07.Jun;25.May;56,87616099;58,87616099;47376,16099;78,46026832;No
05.04.2023 8:00;31,3003096;Almadies;04.May;25.33;56,9504644;58,9504644;47450,4644;78,58410733;No
05.04.2023 8:00;31,3498452;Almadies;08.Mar;25.Mar;57,0247678;59,0247678;47524,7678;78,70794634;No
05.04.2023 8:00;31,3993808;Parcelles;05.Feb;24.Jul;57,09907121;59,09907121;47599,07121;78,83178535;No
05.04.2023 8:00;31,44891641;Parcelles;09.Jan;24.Sep;57,17337461;59,17337461;47673,37461;78,95562436;Yes
05.04.2023 8:00;31,49845201;Médina;03.Sep;25.Feb;57,24767802;59,24767802;47747,67802;79,07946336;No
05.04.2023 8:00;31,54798762;Médina;07.Jun;25.May;57,32198142;59,32198142;47821,98142;79,20330237;No
05.04.2023 8:00;31,59752322;Almadies;04.May;25.33;57,39628483;59,39628483;47896,28483;79,32714138;No
05.04.2023 8:00;31,64705882;Almadies;08.Mar;25.Mar;57,47058824;59,47058824;47970,58824;79,45098039;No
05.04.2023 8:00;31,69659443;Parcelles;05.Feb;24.Jul;57,54489164;59,54489164;48044,89164;79,5748194;No
05.04.2023 8:00;31,74613003;Parcelles;09.Jan;24.Sep;57,61919505;59,61919505;48119,19505;79,69865841;Yes
05.04.2023 8:00;31,79566563;Médina;03.Sep;25.Feb;57,69349845;59,69349845;48193,49845;79,82249742;No
05.04.2023 8:00;31,84520124;Médina;07.Jun;25.May;57,76780186;59,76780186;48267,80186;79,94633643;No
05.04.2023 8:00;31,89473684;Almadies;04.May;25.34;57,84210526;59,84210526;48342,10526;80,07017544;No
05.04.2023 8:00;31,94427245;Almadies;08.Mar;25.Mar;57,91640867;59,91640867;48416,40867;80,19401445;No
05.04.2023 8:00;31,99380805;Parcelles;05.Feb;24.Jul;57,99071207;59,99071207;48490,71207;80,31785346;No
05.04.2023 8:00;32,04334365;Parcelles;09.Jan;24.Sep;58,06501548;60,06501548;48565,01548;80,44169247;Yes
05.04.2023 8:00;32,09287926;Médina;03.Sep;25.Feb;58,13931889;60,13931889;48639,31889;80,56553148;No
05.04.2023 8:00;32,14241486;Médina;07.Jun;25.May;58,21362229;60,21362229;48713,62229;80,68937049;No
05.04.2023 8:00;32,19195046;Almadies;04.May;25.34;58,2879257;60,2879257;48787,9257;80,81320949;No
05.04.2023 8:00;32,24148607;Almadies;08.Mar;25.Mar;58,3622291;60,3622291;48862,2291;80,9370485;No
05.04.2023 8:00;32,29102167;Parcelles;05.Feb;24.Jul;58,43653251;60,43653251;48936,53251;81,06088751;No
05.04.2023 8:00;32,34055728;Parcelles;09.Jan;24.Sep;58,51083591;60,51083591;49010,83591;81,18472652;Yes
05.04.2023 8:00;32,39009288;Médina;03.Sep;25.Feb;58,58513932;60,58513932;49085,13932;81,30856553;No
05.04.2023 8:00;32,43962848;Médina;07.Jun;25.May;58,65944272;60,65944272;49159,44272;81,43240454;No
05.04.2023 8:00;32,48916409;Almadies;04.May;25.34;58,73374613;60,73374613;49233,74613;81,55624355;No
05.04.2023 8:00;32,53869969;Almadies;08.Mar;25.Mar;58,80804954;60,80804954;49308,04954;81,68008256;No
05.04.2023 8:00;32,58823529;Parcelles;05.Feb;24.Jul;58,88235294;60,88235294;49382,35294;81,80392157;No
05.04.2023 8:00;32,6377709;Parcelles;09.Jan;24.Sep;58,95665635;60,95665635;49456,65635;81,92776058;Yes
05.04.2023 8:00;32,6873065;Médina;03.Sep;25.Feb;59,03095975;61,03095975;49530,95975;82,05159959;No
05.04.2023 8:00;32,73684211;Médina;07.Jun;25.May;59,10526316;61,10526316;49605,26316;82,1754386;No
05.04.2023 8:00;32,78637771;Almadies;04.May;25.35;59,17956656;61,17956656;49679,56656;82,29927761;No
05.04.2023 8:00;32,83591331;Almadies;08.Mar;25.Mar;59,25386997;61,25386997;49753,86997;82,42311662;No
05.04.2023 8:00;32,88544892;Parcelles;05.Feb;24.Jul;59,32817337;61,32817337;49828,17337;82,54695562;No
05.04.2023 8:00;32,93498452;Parcelles;09.Jan;24.Sep;59,40247678;61,40247678;49902,47678;82,67079463;Yes
05.04.2023 8:00;32,98452012;Médina;03.Sep;25.Feb;59,47678019;61,47678019;49976,78019;82,79463364;No
05.04.2023 8:00;33,03405573;Médina;07.Jun;25.May;59,55108359;61,55108359;50051,08359;82,91847265;No
05.04.2023 8:00;33,08359133;Almadies;04.May;25.35;59,625387;61,625387;50125,387;83,04231166;No
05.04.2023 8:00;33,13312693;Almadies;08.Mar;25.Mar;59,6996904;61,6996904;50199,6904;83,16615067;No
05.04.2023 8:00;33,18266254;Parcelles;05.Feb;24.Jul;59,77399381;61,77399381;50273,99381;83,28998968;No
05.04.2023 8:00;33,23219814;Parcelles;09.Jan;24.Sep;59,84829721;61,84829721;50348,29721;83,41382869;Yes
05.04.2023 8:00;33,28173375;Médina;03.Sep;25.Feb;59,92260062;61,92260062;50422,60062;83,5376677;No
05.04.2023 8:00;33,33126935;Médina;07.Jun;25.May;59,99690402;61,99690402;50496,90402;83,66150671;No
05.04.2023 8:00;33,38080495;Almadies;04.May;25.35;60,07120743;62,07120743;50571,20743;83,78534572;No
05.04.2023 8:00;33,43034056;Almadies;08.Mar;25.Mar;60,14551084;62,14551084;50645,51084;83,90918473;No
05.04.2023 8:00;33,47987616;Parcelles;05.Feb;24.Jul;60,21981424;62,21981424;50719,81424;84,03302374;No
05.04.2023 8:00;33,52941176;Parcelles;09.Jan;24.Sep;60,29411765;62,29411765;50794,11765;84,15686275;Yes
05.04.2023 8:00;33,57894737;Médina;03.Sep;25.Feb;60,36842105;62,36842105;50868,42105;84,28070175;No
05.04.2023 8:00;33,62848297;Médina;07.Jun;25.May;60,44272446;62,44272446;50942,72446;84,40454076;No
05.04.2023 8:00;33,67801858;Almadies;04.May;25.36;60,51702786;62,51702786;51017,02786;84,52837977;No
05.04.2023 8:00;33,72755418;Almadies;08.Mar;25.Mar;60,59133127;62,59133127;51091,33127;84,65221878;No
05.04.2023 8:00;33,77708978;Parcelles;05.Feb;24.Jul;60,66563467;62,66563467;51165,63467;84,77605779;No
05.04.2023 8:00;33,82662539;Parcelles;09.Jan;24.Sep;60,73993808;62,73993808;51239,93808;84,8998968;Yes
05.04.2023 8:00;33,87616099;Médina;03.Sep;25.Feb;60,81424149;62,81424149;51314,24149;85,02373581;No
05.04.2023 8:00;33,92569659;Médina;07.Jun;25.May;60,88854489;62,88854489;51388,54489;85,14757482;No
05.04.2023 8:00;33,9752322;Almadies;04.May;25.36;60,9628483;62,9628483;51462,8483;85,27141383;No
05.04.2023 8:00;34,0247678;Almadies;08.Mar;25.Mar;61,0371517;63,0371517;51537,1517;85,39525284;No
05.04.2023 8:00;34,07430341;Parcelles;05.Feb;24.Jul;61,11145511;63,11145511;51611,45511;85,51909185;No
05.04.2023 8:00;34,12383901;Parcelles;09.Jan;24.Sep;61,18575851;63,18575851;51685,75851;85,64293086;Yes
05.04.2023 8:00;34,17337461;Médina;03.Sep;25.Feb;61,26006192;63,26006192;51760,06192;85,76676987;No
05.04.2023 8:00;34,22291022;Médina;07.Jun;25.May;61,33436533;63,33436533;51834,36533;85,89060888;No
05.04.2023 8:00;34,27244582;Almadies;04.May;25.36;61,40866873;63,40866873;51908,66873;86,01444788;No
05.04.2023 8:00;34,32198142;Almadies;08.Mar;25.Mar;61,48297214;63,48297214;51982,97214;86,13828689;No
05.04.2023 8:00;34,37151703;Parcelles;05.Feb;24.Jul;61,55727554;63,55727554;52057,27554;86,2621259;No
05.04.2023 8:00;34,42105263;Parcelles;09.Jan;24.Sep;61,63157895;63,63157895;52131,57895;86,38596491;Yes
05.04.2023 8:00;34,47058824;Médina;03.Sep;25.Feb;61,70588235;63,70588235;52205,88235;86,50980392;No
05.04.2023 8:00;34,52012384;Médina;07.Jun;25.May;61,78018576;63,78018576;52280,18576;86,63364293;No
05.04.2023 8:00;34,56965944;Almadies;04.May;25.37;61,85448916;63,85448916;52354,48916;86,75748194;No
05.04.2023 8:00;34,61919505;Almadies;08.Mar;25.Mar;61,92879257;63,92879257;52428,79257;86,88132095;No
05.04.2023 8:00;34,66873065;Parcelles;05.Feb;24.Jul;62,00309598;64,00309598;52503,09598;87,00515996;No
05.04.2023 8:00;34,71826625;Parcelles;09.Jan;24.Sep;62,07739938;64,07739938;52577,39938;87,12899897;Yes
05.04.2023 8:00;34,76780186;Médina;03.Sep;25.Feb;62,15170279;64,15170279;52651,70279;87,25283798;No
05.04.2023 8:00;34,81733746;Médina;07.Jun;25.May;62,22600619;64,22600619;52726,00619;87,37667699;No
05.04.2023 8:00;34,86687307;Almadies;04.May;25.37;62,3003096;64,3003096;52800,3096;87,500516;No
05.04.2023 8:00;34,91640867;Almadies;08.Mar;25.Mar;62,374613;64,374613;52874,613;87,62435501;No
05.04.2023 8:00;34,96594427;Parcelles;05.Feb;24.Jul;62,44891641;64,44891641;52948,91641;87,74819401;No
05.04.2023 8:00;35,01547988;Parcelles;09.Jan;24.Sep;62,52321981;64,52321981;53023,21981;87,87203302;Yes
05.04.2023 8:00;35,06501548;Médina;03.Sep;25.Feb;62,59752322;64,59752322;53097,52322;87,99587203;No
05.04.2023 8:00;35,11455108;Médina;07.Jun;25.May;62,67182663;64,67182663;53171,82663;88,11971104;No
05.04.2023 8:00;35,16408669;Almadies;04.May;25.37;62,74613003;64,74613003;53246,13003;88,24355005;No
05.04.2023 8:00;35,21362229;Almadies;08.Mar;25.Mar;62,82043344;64,82043344;53320,43344;88,36738906;No
05.04.2023 8:00;35,26315789;Parcelles;05.Feb;24.Jul;62,89473684;64,89473684;53394,73684;88,49122807;No
05.04.2023 8:00;35,3126935;Parcelles;09.Jan;24.Sep;62,96904025;64,96904025;53469,04025;88,61506708;Yes
05.04.2023 8:00;35,3622291;Médina;03.Sep;25.Feb;63,04334365;65,04334365;53543,34365;88,73890609;No
05.04.2023 8:00;35,41176471;Médina;07.Jun;25.May;63,11764706;65,11764706;53617,64706;88,8627451;No
05.04.2023 8:00;35,46130031;Almadies;04.May;25.38;63,19195046;65,19195046;53691,95046;88,98658411;No
05.04.2023 8:00;35,51083591;Almadies;08.Mar;25.Mar;63,26625387;65,26625387;53766,25387;89,11042312;No
05.04.2023 8:00;35,56037152;Parcelles;05.Feb;24.Jul;63,34055728;65,34055728;53840,55728;89,23426213;No
05.04.2023 8:00;35,60990712;Parcelles;09.Jan;24.Sep;63,41486068;65,41486068;53914,86068;89,35810114;Yes
05.04.2023 8:00;35,65944272;Médina;03.Sep;25.Feb;63,48916409;65,48916409;53989,16409;89,48194014;No
05.04.2023 8:00;35,70897833;Médina;07.Jun;25.May;63,56346749;65,56346749;54063,46749;89,60577915;No
05.04.2023 8:00;35,75851393;Almadies;04.May;25.38;63,6377709;65,6377709;54137,7709;89,72961816;No
05.04.2023 8:00;35,80804954;Almadies;08.Mar;25.Mar;63,7120743;65,7120743;54212,0743;89,85345717;No
05.04.2023 8:00;35,85758514;Parcelles;05.Feb;24.Jul;63,78637771;65,78637771;54286,37771;89,97729618;No
05.04.2023 8:00;35,90712074;Parcelles;09.Jan;24.Sep;63,86068111;65,86068111;54360,68111;90,10113519;Yes
05.04.2023 8:00;35,95665635;Médina;03.Sep;25.Feb;63,93498452;65,93498452;54434,98452;90,2249742;No
05.04.2023 8:00;36,00619195;Médina;07.Jun;25.May;64,00928793;66,00928793;54509,28793;90,34881321;No
05.04.2023 8:00;36,05572755;Almadies;04.May;25.38;64,08359133;66,08359133;54583,59133;90,47265222;No
05.04.2023 8:00;36,10526316;Almadies;08.Mar;25.Mar;64,15789474;66,15789474;54657,89474;90,59649123;No
05.04.2023 8:00;36,15479876;Parcelles;05.Feb;24.Jul;64,23219814;66,23219814;54732,19814;90,72033024;No
05.04.2023 8:00;36,20433437;Parcelles;09.Jan;24.Sep;64,30650155;66,30650155;54806,50155;90,84416925;Yes
05.04.2023 8:00;36,25386997;Médina;03.Sep;25.Feb;64,38080495;66,38080495;54880,80495;90,96800826;No
05.04.2023 8:00;36,30340557;Médina;07.Jun;25.May;64,45510836;66,45510836;54955,10836;91,09184727;No
05.04.2023 8:00;36,35294118;Almadies;04.May;25.39;64,52941176;66,52941176;55029,41176;91,21568627;No
05.04.2023 8:00;36,40247678;Almadies;08.Mar;25.Mar;64,60371517;66,60371517;55103,71517;91,33952528;No
05.04.2023 8:00;36,45201238;Parcelles;05.Feb;24.Jul;64,67801858;66,67801858;55178,01858;91,46336429;No
05.04.2023 8:00;36,50154799;Parcelles;09.Jan;24.Sep;64,75232198;66,75232198;55252,32198;91,5872033;Yes
05.04.2023 8:00;36,55108359;Médina;03.Sep;25.Feb;64,82662539;66,82662539;55326,62539;91,71104231;No
05.04.2023 8:00;36,6006192;Médina;07.Jun;25.May;64,90092879;66,90092879;55400,92879;91,83488132;No
05.04.2023 8:00;36,6501548;Almadies;04.May;25.39;64,9752322;66,9752322;55475,2322;91,95872033;No
05.04.2023 8:00;36,6996904;Almadies;08.Mar;25.Mar;65,0495356;67,0495356;55549,5356;92,08255934;No
05.04.2023 8:00;36,74922601;Parcelles;05.Feb;24.Jul;65,12383901;67,12383901;55623,83901;92,20639835;No
05.04.2023 8:00;36,79876161;Parcelles;09.Jan;24.Sep;65,19814241;67,19814241;55698,14241;92,33023736;Yes
05.04.2023 8:00;36,84829721;Médina;03.Sep;25.Feb;65,27244582;67,27244582;55772,44582;92,45407637;No
05.04.2023 8:00;36,89783282;Médina;07.Jun;25.May;65,34674923;67,34674923;55846,74923;92,57791538;No
05.04.2023 8:00;36,94736842;Almadies;04.May;25.39;65,42105263;67,42105263;55921,05263;92,70175439;No
05.04.2023 8:00;36,99690402;Almadies;08.Mar;25.Mar;65,49535604;67,49535604;55995,35604;92,8255934;No
05.04.2023 8:00;37,04643963;Parcelles;05.Feb;24.Jul;65,56965944;67,56965944;56069,65944;92,9494324;No
05.04.2023 8:00;37,09597523;Parcelles;09.Jan;24.Sep;65,64396285;67,64396285;56143,96285;93,07327141;Yes
05.04.2023 8:00;37,14551084;Médina;03.Sep;25.Feb;65,71826625;67,71826625;56218,26625;93,19711042;No
05.04.2023 8:00;37,19504644;Médina;07.Jun;25.May;65,79256966;67,79256966;56292,56966;93,32094943;No
05.04.2023 8:00;37,24458204;Almadies;04.May;25.40;65,86687307;67,86687307;56366,87307;93,44478844;No
05.04.2023 8:00;37,29411765;Almadies;08.Mar;25.Mar;65,94117647;67,94117647;56441,17647;93,56862745;No
05.04.2023 8:00;37,34365325;Parcelles;05.Feb;24.Jul;66,01547988;68,01547988;56515,47988;93,69246646;No
05.04.2023 8:00;37,39318885;Parcelles;09.Jan;24.Sep;66,08978328;68,08978328;56589,78328;93,81630547;Yes
05.04.2023 8:00;37,44272446;Médina;03.Sep;25.Feb;66,16408669;68,16408669;56664,08669;93,94014448;No
05.04.2023 8:00;37,49226006;Médina;07.Jun;25.May;66,23839009;68,23839009;56738,39009;94,06398349;No
05.04.2023 8:00;37,54179567;Almadies;04.May;25.40;66,3126935;68,3126935;56812,6935;94,1878225;No
05.04.2023 8:00;37,59133127;Almadies;08.Mar;25.Mar;66,3869969;68,3869969;56886,9969;94,31166151;No
05.04.2023 8:00;37,64086687;Parcelles;05.Feb;24.Jul;66,46130031;68,46130031;56961,30031;94,43550052;No
05.04.2023 8:00;37,69040248;Parcelles;09.Jan;24.Sep;66,53560372;68,53560372;57035,60372;94,55933953;Yes
05.04.2023 8:00;37,73993808;Médina;03.Sep;25.Feb;66,60990712;68,60990712;57109,90712;94,68317853;No
05.04.2023 8:00;37,78947368;Médina;07.Jun;25.May;66,68421053;68,68421053;57184,21053;94,80701754;No
05.04.2023 8:00;37,83900929;Almadies;04.May;25.40;66,75851393;68,75851393;57258,51393;94,93085655;No
05.04.2023 8:00;37,88854489;Almadies;08.Mar;25.Mar;66,83281734;68,83281734;57332,81734;95,05469556;No
05.04.2023 8:00;37,9380805;Parcelles;05.Feb;24.Jul;66,90712074;68,90712074;57407,12074;95,17853457;No
05.04.2023 8:00;37,9876161;Parcelles;09.Jan;24.Sep;66,98142415;68,98142415;57481,42415;95,30237358;Yes
05.04.2023 8:00;38,0371517;Médina;03.Sep;25.Feb;67,05572755;69,05572755;57555,72755;95,42621259;No
05.04.2023 8:00;38,08668731;Médina;07.Jun;25.May;67,13003096;69,13003096;57630,03096;95,5500516;No
05.04.2023 8:00;38,13622291;Almadies;04.May;25.41;67,20433437;69,20433437;57704,33437;95,67389061;No
05.04.2023 8:00;38,18575851;Almadies;08.Mar;25.Mar;67,27863777;69,27863777;57778,63777;95,79772962;No
05.04.2023 8:00;38,23529412;Parcelles;05.Feb;24.Jul;67,35294118;69,35294118;57852,94118;95,92156863;No
05.04.2023 8:00;38,28482972;Parcelles;09.Jan;24.Sep;67,42724458;69,42724458;57927,24458;96,04540764;Yes
05.04.2023 8:00;38,33436533;Médina;03.Sep;25.Feb;67,50154799;69,50154799;58001,54799;96,16924665;No
05.04.2023 8:00;38,38390093;Médina;07.Jun;25.May;67,57585139;69,57585139;58075,85139;96,29308566;No
05.04.2023 8:00;38,43343653;Almadies;04.May;25.41;67,6501548;69,6501548;58150,1548;96,41692466;No
05.04.2023 8:00;38,48297214;Almadies;08.Mar;25.Mar;67,7244582;69,7244582;58224,4582;96,54076367;No
05.04.2023 8:00;38,53250774;Parcelles;05.Feb;24.Jul;67,79876161;69,79876161;58298,76161;96,66460268;No
05.04.2023 8:00;38,58204334;Parcelles;09.Jan;24.Sep;67,87306502;69,87306502;58373,06502;96,78844169;Yes
05.04.2023 8:00;38,63157895;Médina;03.Sep;25.Feb;67,94736842;69,94736842;58447,36842;96,9122807;No
05.04.2023 8:00;38,68111455;Médina;07.Jun;25.May;68,02167183;70,02167183;58521,67183;97,03611971;No
05.04.2023 8:00;38,73065015;Almadies;04.May;25.41;68,09597523;70,09597523;58595,97523;97,15995872;No
05.04.2023 8:00;38,78018576;Almadies;08.Mar;25.Mar;68,17027864;70,17027864;58670,27864;97,28379773;No
05.04.2023 8:00;38,82972136;Parcelles;05.Feb;24.Jul;68,24458204;70,24458204;58744,58204;97,40763674;No
05.04.2023 8:00;38,87925697;Parcelles;09.Jan;24.Sep;68,31888545;70,31888545;58818,88545;97,53147575;Yes
05.04.2023 8:00;38,92879257;Médina;03.Sep;25.Feb;68,39318885;70,39318885;58893,18885;97,65531476;No
05.04.2023 8:00;38,97832817;Médina;07.Jun;25.May;68,46749226;70,46749226;58967,49226;97,77915377;No
05.04.2023 8:00;39,02786378;Almadies;04.May;25.42;68,54179567;70,54179567;59041,79567;97,90299278;No
05.04.2023 8:00;39,07739938;Almadies;08.Mar;25.Mar;68,61609907;70,61609907;59116,09907;98,02683179;No
05.04.2023 8:00;39,12693498;Parcelles;05.Feb;24.Jul;68,69040248;70,69040248;59190,40248;98,15067079;No
05.04.2023 8:00;39,17647059;Parcelles;09.Jan;24.Sep;68,76470588;70,76470588;59264,70588;98,2745098;Yes
05.04.2023 8:00;39,22600619;Médina;03.Sep;25.Feb;68,83900929;70,83900929;59339,00929;98,39834881;No
05.04.2023 8:00;39,2755418;Médina;07.Jun;25.May;68,91331269;70,91331269;59413,31269;98,52218782;No
05.04.2023 8:00;39,3250774;Almadies;04.May;25.42;68,9876161;70,9876161;59487,6161;98,64602683;No
05.04.2023 8:00;39,374613;Almadies;08.Mar;25.Mar;69,0619195;71,0619195;59561,9195;98,76986584;No
05.04.2023 8:00;39,42414861;Parcelles;05.Feb;24.Jul;69,13622291;71,13622291;59636,22291;98,89370485;No
05.04.2023 8:00;39,47368421;Parcelles;09.Jan;24.Sep;69,21052632;71,21052632;59710,52632;99,01754386;Yes
05.04.2023 8:00;39,52321981;Médina;03.Sep;25.Feb;69,28482972;71,28482972;59784,82972;99,14138287;No
05.04.2023 8:00;39,57275542;Médina;07.Jun;25.May;69,35913313;71,35913313;59859,13313;99,26522188;No
05.04.2023 8:00;39,62229102;Almadies;04.May;25.42;69,43343653;71,43343653;59933,43653;99,38906089;No
05.04.2023 8:00;39,67182663;Almadies;08.Mar;25.Mar;69,50773994;71,50773994;60007,73994;99,5128999;No
05.04.2023 8:00;39,72136223;Parcelles;05.Feb;24.Jul;69,58204334;71,58204334;60082,04334;99,63673891;No
05.04.2023 8:00;39,77089783;Parcelles;09.Jan;24.Sep;69,65634675;71,65634675;60156,34675;99,76057792;Yes
05.04.2023 8:00;39,82043344;Médina;03.Sep;25.Feb;69,73065015;71,73065015;60230,65015;99,88441692;No
05.04.2023 8:00;39,86996904;Médina;07.Jun;25.May;69,80495356;71,80495356;60304,95356;100,0082559;No
05.04.2023 8:00;39,91950464;Almadies;04.May;25.43;69,87925697;71,87925697;60379,25697;100,1320949;No
05.04.2023 8:00;39,96904025;Almadies;08.Mar;25.Mar;69,95356037;71,95356037;60453,56037;100,255934;No
05.04.2023 8:00;40,01857585;Parcelles;05.Feb;24.Jul;70,02786378;72,02786378;60527,86378;100,379773;No
05.04.2023 8:00;40,06811146;Parcelles;09.Jan;24.Sep;70,10216718;72,10216718;60602,16718;100,503612;Yes
05.04.2023 8:00;40,11764706;Médina;03.Sep;25.Feb;70,17647059;72,17647059;60676,47059;100,627451;No
05.04.2023 8:00;40,16718266;Médina;07.Jun;25.May;70,25077399;72,25077399;60750,77399;100,75129;No
05.04.2023 8:00;40,21671827;Almadies;04.May;25.43;70,3250774;72,3250774;60825,0774;100,875129;No
05.04.2023 8:00;40,26625387;Almadies;08.Mar;25.Mar;70,3993808;72,3993808;60899,3808;100,998968;No
05.04.2023 8:00;40,31578947;Parcelles;05.Feb;24.Jul;70,47368421;72,47368421;60973,68421;101,122807;No
05.04.2023 8:00;40,36532508;Parcelles;09.Jan;24.Sep;70,54798762;72,54798762;61047,98762;101,246646;Yes
05.04.2023 8:00;40,41486068;Médina;03.Sep;25.Feb;70,62229102;72,62229102;61122,29102;101,370485;No
05.04.2023 8:00;40,46439628;Médina;07.Jun;25.May;70,69659443;72,69659443;61196,59443;101,494324;No
05.04.2023 8:00;40,51393189;Almadies;04.May;25.43;70,77089783;72,77089783;61270,89783;101,6181631;No
05.04.2023 8:00;40,56346749;Almadies;08.Mar;25.Mar;70,84520124;72,84520124;61345,20124;101,7420021;No
05.04.2023 8:00;40,6130031;Parcelles;05.Feb;24.Jul;70,91950464;72,91950464;61419,50464;101,8658411;No
05.04.2023 8:00;40,6625387;Parcelles;09.Jan;24.Sep;70,99380805;72,99380805;61493,80805;101,9896801;Yes
05.04.2023 8:00;40,7120743;Médina;03.Sep;25.Feb;71,06811146;73,06811146;61568,11146;102,1135191;No
05.04.2023 8:00;40,76160991;Médina;07.Jun;25.May;71,14241486;73,14241486;61642,41486;102,2373581;No
05.04.2023 8:00;40,81114551;Almadies;04.May;25.44;71,21671827;73,21671827;61716,71827;102,3611971;No
05.04.2023 8:00;40,86068111;Almadies;08.Mar;25.Mar;71,29102167;73,29102167;61791,02167;102,4850361;No
05.04.2023 8:00;40,91021672;Parcelles;05.Feb;24.Jul;71,36532508;73,36532508;61865,32508;102,6088751;No
05.04.2023 8:00;40,95975232;Parcelles;09.Jan;24.Sep;71,43962848;73,43962848;61939,62848;102,7327141;Yes
05.04.2023 8:00;41,00928793;Médina;03.Sep;25.Feb;71,51393189;73,51393189;62013,93189;102,8565531;No
05.04.2023 8:00;41,05882353;Médina;07.Jun;25.May;71,58823529;73,58823529;62088,23529;102,9803922;No
05.04.2023 8:00;41,10835913;Almadies;04.May;25.44;71,6625387;73,6625387;62162,5387;103,1042312;No
05.04.2023 8:00;41,15789474;Almadies;08.Mar;25.Mar;71,73684211;73,73684211;62236,84211;103,2280702;No
05.04.2023 8:00;41,20743034;Parcelles;05.Feb;24.Jul;71,81114551;73,81114551;62311,14551;103,3519092;No
05.04.2023 8:00;41,25696594;Parcelles;09.Jan;24.Sep;71,88544892;73,88544892;62385,44892;103,4757482;Yes
05.04.2023 8:00;41,30650155;Médina;03.Sep;25.Feb;71,95975232;73,95975232;62459,75232;103,5995872;No
05.04.2023 8:00;41,35603715;Médina;07.Jun;25.May;72,03405573;74,03405573;62534,05573;103,7234262;No
05.04.2023 8:00;41,40557276;Almadies;04.May;25.44;72,10835913;74,10835913;62608,35913;103,8472652;No
05.04.2023 8:00;41,45510836;Almadies;08.Mar;25.Mar;72,18266254;74,18266254;62682,66254;103,9711042;No
05.04.2023 8:00;41,50464396;Parcelles;05.Feb;24.Jul;72,25696594;74,25696594;62756,96594;104,0949432;No
05.04.2023 8:00;41,55417957;Parcelles;09.Jan;24.Sep;72,33126935;74,33126935;62831,26935;104,2187822;Yes
05.04.2023 8:00;41,60371517;Médina;03.Sep;25.Feb;72,40557276;74,40557276;62905,57276;104,3426213;No
05.04.2023 8:00;41,65325077;Médina;07.Jun;25.May;72,47987616;74,47987616;62979,87616;104,4664603;No
05.04.2023 8:00;41,70278638;Almadies;04.May;25.45;72,55417957;74,55417957;63054,17957;104,5902993;No
05.04.2023 8:00;41,75232198;Almadies;08.Mar;25.Mar;72,62848297;74,62848297;63128,48297;104,7141383;No
05.04.2023 8:00;41,80185759;Parcelles;05.Feb;24.Jul;72,70278638;74,70278638;63202,78638;104,8379773;No
05.04.2023 8:00;41,85139319;Parcelles;09.Jan;24.Sep;72,77708978;74,77708978;63277,08978;104,9618163;Yes
05.04.2023 8:00;41,90092879;Médina;03.Sep;25.Feb;72,85139319;74,85139319;63351,39319;105,0856553;No
05.04.2023 8:00;41,9504644;Médina;07.Jun;25.May;72,92569659;74,92569659;63425,69659;105,2094943;No
05.04.2023 8:00;42;Almadies;04.May;25.45;73;75;63500;105,3333333;No
05.04.2023 8:00;42,0495356;Almadies;08.Mar;25.Mar;73,07430341;75,07430341;63574,30341;105,4571723;No
05.04.2023 8:00;42,09907121;Parcelles;05.Feb;24.Jul;73,14860681;75,14860681;63648,60681;105,5810114;No
05.04.2023 8:00;42,14860681;Parcelles;09.Jan;24.Sep;73,22291022;75,22291022;63722,91022;105,7048504;Yes
05.04.2023 8:00;42,19814241;Médina;03.Sep;25.Feb;73,29721362;75,29721362;63797,21362;105,8286894;No
05.04.2023 8:00;42,24767802;Médina;07.Jun;25.May;73,37151703;75,37151703;63871,51703;105,9525284;No
05.04.2023 8:00;42,29721362;Almadies;04.May;25.45;73,44582043;75,44582043;63945,82043;106,0763674;No
05.04.2023 8:00;42,34674923;Almadies;08.Mar;25.Mar;73,52012384;75,52012384;64020,12384;106,2002064;No
05.04.2023 8:00;42,39628483;Parcelles;05.Feb;24.Jul;73,59442724;75,59442724;64094,42724;106,3240454;No
05.04.2023 8:00;42,44582043;Parcelles;09.Jan;24.Sep;73,66873065;75,66873065;64168,73065;106,4478844;Yes
05.04.2023 8:00;42,49535604;Médina;03.Sep;25.Feb;73,74303406;75,74303406;64243,03406;106,5717234;No
05.04.2023 8:00;42,54489164;Médina;07.Jun;25.May;73,81733746;75,81733746;64317,33746;106,6955624;No
05.04.2023 8:00;42,59442724;Almadies;04.May;25.46;73,89164087;75,89164087;64391,64087;106,8194014;No
05.04.2023 8:00;42,64396285;Almadies;08.Mar;25.Mar;73,96594427;75,96594427;64465,94427;106,9432405;No
05.04.2023 8:00;42,69349845;Parcelles;05.Feb;24.Jul;74,04024768;76,04024768;64540,24768;107,0670795;No
05.04.2023 8:00;42,74303406;Parcelles;09.Jan;24.Sep;74,11455108;76,11455108;64614,55108;107,1909185;Yes
05.04.2023 8:00;42,79256966;Médina;03.Sep;25.Feb;74,18885449;76,18885449;64688,85449;107,3147575;No
05.04.2023 8:00;42,84210526;Médina;07.Jun;25.May;74,26315789;76,26315789;64763,15789;107,4385965;No
05.04.2023 8:00;42,89164087;Almadies;04.May;25.46;74,3374613;76,3374613;64837,4613;107,5624355;No
05.04.2023 8:00;42,94117647;Almadies;08.Mar;25.Mar;74,41176471;76,41176471;64911,76471;107,6862745;No
05.04.2023 8:00;42,99071207;Parcelles;05.Feb;24.Jul;74,48606811;76,48606811;64986,06811;107,8101135;No
05.04.2023 8:00;43,04024768;Parcelles;09.Jan;24.Sep;74,56037152;76,56037152;65060,37152;107,9339525;Yes
05.04.2023 8:00;43,08978328;Médina;03.Sep;25.Feb;74,63467492;76,63467492;65134,67492;108,0577915;No
05.04.2023 8:00;43,13931889;Médina;07.Jun;25.May;74,70897833;76,70897833;65208,97833;108,1816305;No
05.04.2023 8:00;43,18885449;Almadies;04.May;25.46;74,78328173;76,78328173;65283,28173;108,3054696;No
05.04.2023 8:00;43,23839009;Almadies;08.Mar;25.Mar;74,85758514;76,85758514;65357,58514;108,4293086;No
05.04.2023 8:00;43,2879257;Parcelles;05.Feb;24.Jul;74,93188854;76,93188854;65431,88854;108,5531476;No
05.04.2023 8:00;43,3374613;Parcelles;09.Jan;24.Sep;75,00619195;77,00619195;65506,19195;108,6769866;Yes
05.04.2023 8:00;43,3869969;Médina;03.Sep;25.Feb;75,08049536;77,08049536;65580,49536;108,8008256;No
05.04.2023 8:00;43,43653251;Médina;07.Jun;25.May;75,15479876;77,15479876;65654,79876;108,9246646;No
05.04.2023 8:00;43,48606811;Almadies;04.May;25.47;75,22910217;77,22910217;65729,10217;109,0485036;No
05.04.2023 8:00;43,53560372;Almadies;08.Mar;25.Mar;75,30340557;77,30340557;65803,40557;109,1723426;No
05.04.2023 8:00;43,58513932;Parcelles;05.Feb;24.Jul;75,37770898;77,37770898;65877,70898;109,2961816;No
05.04.2023 8:00;43,63467492;Parcelles;09.Jan;24.Sep;75,45201238;77,45201238;65952,01238;109,4200206;Yes
05.04.2023 8:00;43,68421053;Médina;03.Sep;25.Feb;75,52631579;77,52631579;66026,31579;109,5438596;No
05.04.2023 8:00;43,73374613;Médina;07.Jun;25.May;75,6006192;77,6006192;66100,6192;109,6676987;No
05.04.2023 8:00;43,78328173;Almadies;04.May;25.47;75,6749226;77,6749226;66174,9226;109,7915377;No
05.04.2023 8:00;43,83281734;Almadies;08.Mar;25.Mar;75,74922601;77,74922601;66249,22601;109,9153767;No
05.04.2023 8:00;43,88235294;Parcelles;05.Feb;24.Jul;75,82352941;77,82352941;66323,52941;110,0392157;No
05.04.2023 8:00;43,93188854;Parcelles;09.Jan;24.Sep;75,89783282;77,89783282;66397,83282;110,1630547;Yes
05.04.2023 8:00;43,98142415;Médina;03.Sep;25.Feb;75,97213622;77,97213622;66472,13622;110,2868937;No
05.04.2023 8:00;44,03095975;Médina;07.Jun;25.May;76,04643963;78,04643963;66546,43963;110,4107327;No
05.04.2023 8:00;44,08049536;Almadies;04.May;25.47;76,12074303;78,12074303;66620,74303;110,5345717;No
05.04.2023 8:00;44,13003096;Almadies;08.Mar;25.Mar;76,19504644;78,19504644;66695,04644;110,6584107;No
05.04.2023 8:00;44,17956656;Parcelles;05.Feb;24.Jul;76,26934985;78,26934985;66769,34985;110,7822497;No
05.04.2023 8:00;44,22910217;Parcelles;09.Jan;24.Sep;76,34365325;78,34365325;66843,65325;110,9060888;Yes
05.04.2023 8:00;44,27863777;Médina;03.Sep;25.Feb;76,41795666;78,41795666;66917,95666;111,0299278;No
05.04.2023 8:00;44,32817337;Médina;07.Jun;25.May;76,49226006;78,49226006;66992,26006;111,1537668;No
05.04.2023 8:00;44,37770898;Almadies;04.May;25.48;76,56656347;78,56656347;67066,56347;111,2776058;No
05.04.2023 8:00;44,42724458;Almadies;08.Mar;25.Mar;76,64086687;78,64086687;67140,86687;111,4014448;No
05.04.2023 8:00;44,47678019;Parcelles;05.Feb;24.Jul;76,71517028;78,71517028;67215,17028;111,5252838;No
05.04.2023 8:00;44,52631579;Parcelles;09.Jan;24.Sep;76,78947368;78,78947368;67289,47368;111,6491228;Yes
05.04.2023 8:00;44,57585139;Médina;03.Sep;25.Feb;76,86377709;78,86377709;67363,77709;111,7729618;No
05.04.2023 8:00;44,625387;Médina;07.Jun;25.May;76,9380805;78,9380805;67438,0805;111,8968008;No
05.04.2023 8:00;44,6749226;Almadies;04.May;25.48;77,0123839;79,0123839;67512,3839;112,0206398;No
05.04.2023 8:00;44,7244582;Almadies;08.Mar;25.Mar;77,08668731;79,08668731;67586,68731;112,1444788;No
05.04.2023 8:00;44,77399381;Parcelles;05.Feb;24.Jul;77,16099071;79,16099071;67660,99071;112,2683179;No
05.04.2023 8:00;44,82352941;Parcelles;09.Jan;24.Sep;77,23529412;79,23529412;67735,29412;112,3921569;Yes
05.04.2023 8:00;44,87306502;Médina;03.Sep;25.Feb;77,30959752;79,30959752;67809,59752;112,5159959;No
05.04.2023 8:00;44,92260062;Médina;07.Jun;25.May;77,38390093;79,38390093;67883,90093;112,6398349;No
05.04.2023 8:00;44,97213622;Almadies;04.May;25.48;77,45820433;79,45820433;67958,20433;112,7636739;No
05.04.2023 8:00;45,02167183;Almadies;08.Mar;25.Mar;77,53250774;79,53250774;68032,50774;112,8875129;No